<POLICY modification_date="August 26, 2013" policy_url="http://apa.org/about/privacy.aspx" website_category="Science" website_index="084" website_url="apa.org">
    <SECTION>
        <SUBTITLE />
        <SUBTEXT>Privacy Policy and APA Website Security
The American Psychological Association (“APA”) is committed to maintaining your trust, values your privacy and recognizes the sensitivity of your personal information. We work toward protecting the privacy of users of our website. We have carefully crafted this Privacy Policy to address concerns you might have, and to assure you that if you give us personal information, we will treat it carefully and appropriately. This Privacy Policy applies to the website available at www.apa.org and the mobile applications and websites where this Privacy Policy is posted (collectively, the “Sites”). This Privacy Policy does not pertain to information that is collected offline. BY USING THE SITES, YOU CONSENT TO THE TERMS AND CONDITIONS OF THIS PRIVACY POLICY AND TO OUR PROCESSING OF PERSONAL INFORMATION FOR THE PURPOSES STATED BELOW. IF YOU DO NOT AGREE TO THE TERMS AND CONDITIONS OF THIS PRIVACY POLICY, PLEASE DO NOT USE THE SITES.</SUBTEXT>
    </SECTION>
    <SECTION>
        <SUBTITLE>Basic Confidentiality Policy</SUBTITLE>
        <SUBTEXT>Where personal information is required to use or interact with the Sites, it is our policy that this information – such as your name, postal or email address, or telephone number — is private and confidential. The personal information you provide to APA is stored in a secure location, accessible only by appropriate staff, and is used for the purposes set forth in this policy, such as to reply to a question or to send requested materials.</SUBTEXT>
    </SECTION>
    <SECTION>
        <SUBTITLE>Information Collected</SUBTITLE>
        <SUBTEXT>We collect two types of information from visitors to the Sites: (1) Personal information; and (2) Non-Personal information, such as your IP address or cookies.
1. Personal information
"Personal information" is information that identifies you personally, such as your name, postal address, telephone number, or email address. The APA collects and stores the personal information that you have provided to us. Here are some examples of manners in which we may collect your personal information on the Sites:
We will collect your first and last name, email address, and postal address when you become a member and sign up to receive information from the APA;We may collect your email address if you contact us with a question;We may collect your first and last name, date of birth and email address if you choose to participate in a contest or sweepstakes;We may collect your first and last name, postal address and billing information if you make a purchase through our Sites; andWe may collect your device ID number when you interact with the Sites using a mobile device.
The above list provides an example of the personal information that may be collected from you on the Sites. If you do not want the APA to collect your personal information, please do not provide it to us.
2. Non-Personal information
“Non-Personal information” can be technical information or it can be demographic information, such as your age, gender, ZIP code or other geolocation data, or interests. Non-personal information does NOT identify you personally. Here are some examples of the non-personal information that is collected via the Sites and a description of how this information is used:
Internet Protocol (IP) address — Your IP address is a number that lets computers attached to the Internet know where to send you data — such as the webpages you view. We use this information to deliver our webpages to you upon request, to tailor our Sites to the interests of our users and to measure traffic within our Sites.Cookies — APA websites use "cookies" to improve functionality and usability. We use this information for planning, tracking and to improve the technical functions of our sites and products. By using our products and agreeing to this policy, you consent to our use of cookies in accordance with the terms of this policy.</SUBTEXT>
    </SECTION>
    <SECTION>
        <SUBTITLE>About Cookies</SUBTITLE>
        <SUBTEXT>Cookies are text files sent by Web servers to Web browsers and are stored on the user's computer or mobile device. If the browser is loading a page and the server requests the information stored in the cookie, the cookie is sent back to the server.
Cookies contain data about the user's activities on the website, and can be used by Web servers to identify and track users as they navigate different pages on a website, and to identify users returning to a website.
Cookies may be either "persistent" or "session" cookies. A persistent cookie will remain valid until its set expiration date (unless deleted by the user). A session cookie will expire at the end of the user session, when the Web browser is closed.</SUBTEXT>
    </SECTION>
    <SECTION>
        <SUBTITLE>How APA uses cookies</SUBTITLE>
        <SUBTEXT>Cookies do not contain any information that personally identifies the user, but information that we store about the user may be linked by us to the information stored in and obtained from cookies.
APA websites use the information we obtain from people's use of our website through cookies for the following purposes:
To recognize the user's computer when the user visits the website.To track some user actions during website navigation.To improve the website's usability.To analyze the use of the website.To administer the website.To report click-through data to our advertisers.</SUBTEXT>
    </SECTION>
    <SECTION>
        <SUBTITLE>Third-party cookies</SUBTITLE>
        <SUBTEXT>When users visit APA websites third-party cookies may be sent to their computers by APA's advertisers or service providers.
They may use the information obtained from these cookies:
To track users browsing across multiple websites.To build profiles of users' Web surfing.To target advertisements that may be of particular interest to users.</SUBTEXT>
    </SECTION>
    <SECTION>
        <SUBTITLE>Blocking cookies</SUBTITLE>
        <SUBTEXT>Most browsers allow users to refuse to accept cookies.
In Internet Explorer, you can refuse all cookies by clicking "Tools," "Internet Options," "Privacy," and selecting "Block all cookies" using the sliding selector.In Firefox, you can block all cookies by clicking "Tools," "Options," and un-checking "Accept cookies from sites" in the "Privacy" box.In Google Chrome, you can adjust your cookie permissions by clicking "Options," "Under the hood" and Content Settings in the "Privacy" section. Click on the Cookies tab in the Content Settings.In Safari, you can block cookies by clicking “Preferences,” selecting the “Privacy” tab and “Block cookies.”
Blocking all cookies will, however, have a negative impact upon the usability of many websites. If you block cookies, you may not be able to log on, access content or use search functions, for example.</SUBTEXT>
    </SECTION>
    <SECTION>
        <SUBTITLE>Deleting cookies</SUBTITLE>
        <SUBTEXT>Users can also delete cookies already stored on their computers:
In Internet Explorer, you must manually delete cookie files.In Firefox, you can delete cookies by first ensuring that cookies are to be deleted when you "clear private data" (this setting can be changed by clicking "Tools," "Options" and "Settings" in the "Private Data" box) and then clicking "Clear private data" in the "Tools" menu.In Google Chrome, you can adjust your cookie permissions by clicking "Options," "Under the hood," and Content Settings in the "Privacy" section. Click on the Cookies tab in the Content Settings.In Safari, you can delete cookies by clicking “Preferences,” selecting the "Privacy" tab and selecting "Remove All Website Data."
Doing this may have a negative impact on the usability of many websites.
Web Beacons (also known as "clear gifs," "Web bugs" or "pixel tags") —"Web Beacons" are tiny graphics with a unique identifier, similar in function to cookies, and are used to allow us to count users who have visited certain pages of the Sites and to help determine the effectiveness of promotional or advertising campaigns. When used in HTML-formatted email messages, Web beacons can tell the sender whether and when the email has been opened. In contrast to cookies, which are stored on a user's computer hard drive, Web beacons are embedded invisibly on Web pages.Demographic Information — "Demographic Information" may be your gender, age, ZIP code or geolocation data, and/or interests, which you voluntarily provide to us on the Sites. We use this information to provide you with personalized services and to analyze trends to ensure the information provided by the Sites meets your needs.
Please note that we also consider aggregated information, which is not personally identifiable, to be non-personal information. The above list provides an example of the non-personal information that is collected via the Sites.</SUBTEXT>
    </SECTION>
    <SECTION>
        <SUBTITLE>Use of Information Collected Via the Sites</SUBTITLE>
        <SUBTEXT>1. Personal information
We use your personal information that is collected on the Sites primarily for the following purposes:
To deliver services, such as educational programs, information or newsletters you request or purchase;To alert you to special offers, updated information and other new services from APA or other third parties or to forward promotional materials;To process your order and, if necessary, to contact you regarding the status of your order;To fulfill the terms of a promotion;To ensure the Sites are relevant to your needs;To help us create and publish content most relevant to you;To contact you regarding additional services and features;To request your feedback about your experience with APA;To notify you about a material change to this Privacy Policy, if necessary; andTo allow you access to limited-entry areas of the Sites.
2. Non-Personal information
Non-personal information is used as described above and in other was as permitted by applicable laws, including combining non-personal information with personal information.</SUBTEXT>
    </SECTION>
    <SECTION>
        <SUBTITLE>Release of Information to Third Parties</SUBTITLE>
        <SUBTEXT>The APA member and affiliate directories are available only to members and affiliates in a members-only section of the site. All members' and affiliates' names are listed in the directory, but members have the option to suppress other information. Personal information collected as a function of the APA Sites will not be released to third parties except to further the purpose for which you provided and in the following instances:
To fulfill a service to you. For example, if you choose to download information through the Sites, we may share your personal information in order to provide the information to you. In addition, if you email us a question, we may use your email address to process your request and respond to your question. Also, if you are entering a sweepstakes or contest, we may use your personal information in order to fulfill the terms of that promotion. This means that we may share the information for prize fulfillment purposes or mail carriers. We also may share your information with the co-sponsor of that promotion.To affiliates, strategic partners, agents, third party marketers or other unaffiliated parties who are offering products or services that we believe may be of interest to you or who require your personal information for research, administrative and/or internal business purposes. These parties may use your personal information to contact you with an offer or advertisement related to a product or service, or they may use such information for their own research, administration or business purposes. If you do not want us to share your personal information in this manner, please do not provide us with this information.To unaffiliated third-party service providers, agents or independent contractors who help us maintain our Sites and provide other administrative services to us (including, but not limited to, order processing and fulfillment, providing customer service, maintaining and analyzing data, sending customer communications on APA's behalf, and entry collection, winner selection and prize fulfillment for contests, sweepstakes and other promotions). We seek to ensure that these unaffiliated third parties will not use the personal information for any other purpose than to provide the administrative services for which they are responsible. Because such unaffiliated third-party service providers that help us administer our Sites will have access to users' personal information, if you do not wish for our unaffiliated third-party service providers to have access to your information, please do not register or submit any personal information to us.To complete your purchase. If you choose to make a purchase on the Sites, we may collect from you your credit card number, billing address and other information related to such purchase, and we may use such collected information in order to fulfill your purchase. We may also provide such information, or other personal information provided by you, to unaffiliated third parties as necessary to complete your purchase (for example, to process your credit card).To comply with the law or in the good faith belief that such action is necessary in order to conform to the requirements of law or comply with legal process served on us, protect and defend our rights or property, including the rights and property of APA and its family of Sites or act in urgent circumstances to protect the personal safety of our end users.To third parties as part of any corporate reorganization process including, but not limited to, mergers, acquisitions, and sales of all or substantially all of our assets.To track and analyze non-identifying and aggregate usage and volume statistical information from our visitors and customers and provide such information to third parties.To protect against potential fraud, we may verify with third parties the information collected from these Sites. In the course of such verification, we may receive personal information about you from such services. In particular, if you use a credit card or debit card to purchase services with us, we may use card authorization and fraud screening services to verify that your card information and address matches the information that you supplied to us, and that the card has not been reported as lost or stolen.
Except as described in this Privacy Policy or at the time we request the information, we do not otherwise use, share or otherwise disclose your personal information to any third parties.</SUBTEXT>
    </SECTION>
    <SECTION>
        <SUBTITLE>Children Under 13</SUBTITLE>
        <SUBTEXT>The Sites do not knowingly target children under the age of 13 and we do not collect personal information from any child under the age of 13. In the event we learn that such information has been provided to the Sites, we will delete or destroy it.</SUBTEXT>
    </SECTION>
    <SECTION>
        <SUBTITLE>Third Party Websites and Advertisers</SUBTITLE>
        <SUBTEXT>The APA Sites may provide you with links to other websites, although we do not necessarily advise that you are linking to another website. In the event that you choose to access such websites, APA is not responsible for any actions or policies of those sites. Further, please note that the third party's Privacy Policy and security practices may differ from APA standards. APA neither assumes responsibility for, nor does it control, endorse or guarantee any aspect of your use of the linked site. We recommend that you check the Privacy Policy of such a party before providing personal information to it.
The APA may also permit advertisers, third party ad networks or other advertising companies to serve advertisements on the Sites. Please be advised that such advertising companies may gather information about your visit to the Sites or other sites (such as through cookies, Web beacons and other technologies) to enable such advertising companies to market products or services to you, to monitor which ads have been served to your browser and which Web pages you were viewing when such ads were delivered. If you would like more information about this practice and to know your choices please click here. PLEASE NOTE THAT THIS POLICY DOES NOT COVER THE COLLECTION AND USE OF INFORMATION BY SUCH ADVERTISING COMPANIES.</SUBTEXT>
    </SECTION>
    <SECTION>
        <SUBTITLE>Forums, Chat Rooms and Other Public Posting Areas</SUBTITLE>
        <SUBTEXT>Please note that any information you include in a message you post to any chat room, forum or other public posting area is available to anyone with Internet access. If you don't want people to know your e-mail address, for example, don't include it in any message you post publicly. PLEASE BE EXTREMELY CAREFUL WHEN DISCLOSING ANY INFORMATION IN CHAT ROOMS, FORUMS AND OTHER PUBLIC POSTING AREAS. WE ARE NOT RESPONSIBLE FOR THE USE BY OTHERS OF THE INFORMATION THAT YOU DISCLOSE IN CHAT ROOMS, FORUMS AND OTHER PUBLIC POSTING AREAS</SUBTEXT>
    </SECTION>
    <SECTION>
        <SUBTITLE>Opt-Out</SUBTITLE>
        <SUBTEXT>We communicate with our members on a regular basis via email. For example, we may use your email address to confirm your request, to send you notice of payments, to send you information about changes to our products and services, and to send notices and other disclosures as required by law. Generally, members cannot opt-out of these communications, but they will be primarily informational in nature rather than promotional.
However, we provide you the opportunity to exercise an opt-out choice if you do not want to receive other types of communications from us, such as messages or updates from us regarding new services and products offered on the Sites or if you do not want us to share your personal information with third parties. For emails, you may opt-out by clicking on the "unsubscribe" link within the text of an email. We will process your unsubscribe as soon as possible, but please be aware that in some circumstances you may receive a few more messages until the unsubscribe is processed. If you have elected to receive notices to your mobile device via text message, you may opt-out by replying “STOP” to such mobile message. You may receive a confirmatory text message in response to your “STOP” request and you hereby consent to receipt of such confirmation.</SUBTEXT>
    </SECTION>
    <SECTION>
        <SUBTITLE>Changes in Our Privacy Policy</SUBTITLE>
        <SUBTEXT>APA reserves the right to make changes to our Privacy Policy at any time and for any reason without prior notice. Any changes to our Privacy Policy will be posted on this page so that you are always aware of our policies. We may also contact you by email with changes. Additionally, we will updated the “last updated” date below.</SUBTEXT>
    </SECTION>
    <SECTION>
        <SUBTITLE>Website Security</SUBTITLE>
        <SUBTEXT>No data transmissions over the Internet can be guaranteed to be 100 percent secure. Consequently, we cannot ensure or warrant the security of any information you transmit to us and you understand that any information that you transfer to APA is done at your own risk. However, APA uses website security measures consistent with current best practices to protect its website, email and mailing lists. These measures include technical, procedural, monitoring and tracking steps intended to safeguard data from misuse, unauthorized access or disclosure, loss, alteration or destruction.
Credit card information is transmitted using secure socket layer (SSL) encryption. Member and purchaser information is a high priority and we use our own protective measures, as well as the capabilities of our software and hardware vendors.
We realize there can be incidents of misuse or unauthorized program incursions, as almost every website, service and user encounters. In those instances, our goals are to move quickly to isolate the problem, ensure or restore proper functionality and minimize any inconvenience to our users. As appropriate and necessary, APA will notify the relevant authorities of these incidents of misuse or unauthorized program incursions of the APA website.</SUBTEXT>
    </SECTION>
    <SECTION>
        <SUBTITLE>Assignment</SUBTITLE>
        <SUBTEXT>In the event that all or part of our assets are sold or acquired by another party, or in the event of a merger, you grant us the right to assign the personal and non-personal information collected via the Sites.</SUBTEXT>
    </SECTION>
    <SECTION>
        <SUBTITLE>Contacting the APA</SUBTITLE>
        <SUBTEXT>Please email any problems or questions to Customer Service. While we may not be able to respond to every report, we take each report seriously and will investigate it thoroughly.</SUBTEXT>
    </SECTION>
    <SECTION>
        <SUBTITLE>Your California Privacy Rights</SUBTITLE>
        <SUBTEXT>California Civil Code Section 1798.83 permits our visitors who are California residents to request certain information regarding the APA's disclosure of personal information to third parties for their direct marketing purposes. To make such a request, please contact us at Customer Service.

Effective Date: Aug. 26, 2013
Last Updated: Aug. 26, 2013</SUBTEXT>
    </SECTION>
</POLICY>
