<POLICY modification_date="January 01, 2011" policy_url="http://blockchain.info/privacy" website_category="Science" website_index="011" website_url="blockchain.info">
    <SECTION>
        <SUBTITLE />
        <SUBTEXT>Blockchain.info Privacy Policy

This privacy policy sets out how Qkos Services Ltd uses and protects any information that you give Qkos Services Ltd when you use this website.

Qkos Services Ltd is committed to ensuring that your privacy is protected. Should we ask you to provide certain information by which you can be identified when using this website, then you can be assured that it will only be used in accordance with this privacy statement.

Qkos Services Ltd may change this policy from time to time by updating this page. You should check this page from time to time to ensure that you are happy with any changes. This policy is effective from 01/01/2011.</SUBTEXT>
    </SECTION>
    <SECTION>
        <SUBTITLE>What we collect</SUBTITLE>
        <SUBTEXT>We may collect the following information:

Contact information including email address, skype or google talk username
iPhone or mobile device identifier
ip address
Yubikey or other two factor authentication token</SUBTEXT>
    </SECTION>
    <SECTION>
        <SUBTITLE>What don't collect</SUBTITLE>
        <SUBTEXT>We may not collect the following information:

Wallet passwords (Excluding when provided using the developer API's).
Information on any transactions other than that which is publically available on blockchain.info
Name, Address, Zip code or any other personally identifiable information other than listed in the previous section</SUBTEXT>
    </SECTION>
    <SECTION>
        <SUBTITLE>What we do with the information we gather</SUBTITLE>
        <SUBTEXT>We require this information to understand your needs and provide you with a better service, and in particular for the following reasons:

Payment Notifications
Internal record keeping.
We may use the information to improve our products and services.
We may periodically send promotional emails about new updates which we think you may find interesting using the email address which you have provided.</SUBTEXT>
    </SECTION>
    <SECTION>
        <SUBTITLE>Security</SUBTITLE>
        <SUBTEXT>We are committed to ensuring that your information is secure. In order to prevent unauthorised access or disclosure, we have put in place suitable physical, electronic and managerial procedures to safeguard and secure the information we collect online.</SUBTEXT>
    </SECTION>
    <SECTION>
        <SUBTITLE>How we use cookies</SUBTITLE>
        <SUBTEXT>A cookie is a small file which asks permission to be placed on your computer's hard drive. Once you agree, the file is added and the cookie helps analyse web traffic or lets you know when you visit a particular site. Cookies allow web applications to respond to you as an individual. The web application can tailor its operations to your needs, likes and dislikes by gathering and remembering information about your preferences.

Overall, cookies help us provide you with a better website by enabling us to monitor which pages you find useful and which you do not. A cookie in no way gives us access to your computer or any information about you, other than the data you choose to share with us.

You can choose to accept or decline cookies. Most web browsers automatically accept cookies, but you can usually modify your browser setting to decline cookies if you prefer. This may prevent you from taking full advantage of the website.</SUBTEXT>
    </SECTION>
    <SECTION>
        <SUBTITLE>Links to other websites</SUBTITLE>
        <SUBTEXT>Our website may contain links to other websites of interest. However, once you have used these links to leave our site, you should note that we do not have any control over that other website. Therefore, we cannot be responsible for the protection and privacy of any information which you provide whilst visiting such sites and such sites are not governed by this privacy statement. You should exercise caution and look at the privacy statement applicable to the website in question.</SUBTEXT>
    </SECTION>
    <SECTION>
        <SUBTITLE>Controlling your personal information</SUBTITLE>
        <SUBTEXT>We will not sell, distribute or lease your personal information to third parties unless we are required by law to do so. We may use your personal information to send you promotional information about third parties which we think you may find interesting if you tell us that you wish this to happen.

You may request details of personal information which we hold about you under the Data Protection Act 1998. A small fee will be payable. If you would like a copy of the information held on you please write to Qkos Services Ltd.

If you believe that any information we are holding on you is incorrect or incomplete, please write to or email us as soon as possible at the above address. We will promptly correct any information found to be incorrect.</SUBTEXT>
    </SECTION>
</POLICY>
