<POLICY modification_date="November 16, 2010" policy_url="http://boxofficemojo.com/about/privacy.htm" website_category="Arts" website_index="076" website_url="boxofficemojo.com">
    <SECTION>
        <SUBTITLE />
        <SUBTEXT>Privacy Policy

Effective Date: November 16, 2010 (To see what has changed, click here.)</SUBTEXT>
    </SECTION>
    <SECTION>
        <SUBTITLE>Privacy Statement for Box Office Mojo</SUBTITLE>
        <SUBTEXT>Box Office Mojo has created this privacy statement in order to demonstrate our firm commitment to the privacy of our members and Web site visitors. The following discloses our information gathering and dissemination practices for this Web site: Box Office Mojo.

We may collect your name, e-mail address, mailing address, phone number or other personal information from you, however, the information that we collect depends on the page you are visiting, the activities in which you elect to participate and the services provided. You can visit many pages on our site without providing any information. Other pages may prompt you to provide information, such as when you register for access to portions of our site, sign up for an account, participate in polls, provide feedback, participate in discussion forums or request interactive features that are present on our site. Do not provide false information to access any portion of our site.

With regards to information that you choose to provide on our site, we encourage you to be careful and responsible. Should you choose to voluntarily disclose any personal information on our site be aware that such information may be viewed publicly and can be collected and used by third parties without our knowledge and may result in unsolicited messages from other individuals or third parties. Such activities are beyond our control and this policy.

We also collect information automatically and through the use of electronic tools that may be transparent to you. We may log the name of your Internet Service Provider, IP address, or use "cookie" technology to assist us with enhancing your experience on our site, including but not limited to troubleshooting our Web site or server (which may require third party technical support), site administration, using cookies to store your user name and password, sparing you from having to re-enter that information each time you visit, or to control the number of times you encounter a particular advertisement while visiting our site. As we adopt additional technology, we may also gather information through other means. In certain cases, you can choose not to provide us with information by setting your browser to refuse to accept cookies, but be aware that doing so may limit your ability to access certain portions of the site or may require you to re-enter your user name and password. Additionally, refusing cookies may prevent us from being able to customize the site's features according to your preferences. We use web beacons (also known as "action tags" or "single-pixel gifs") and other technologies to measure the effectiveness of certain site features and to conduct research and analysis. We also allow third parties to place web beacons and other technologies on our site to conduct research and analysis, but we do not provide personal information to such third parties.</SUBTEXT>
    </SECTION>
    <SECTION>
        <SUBTITLE>Third Party Sites</SUBTITLE>
        <SUBTEXT>We expect our partners, advertisers and third party affiliates to respect the privacy of our users. However, third parties, including our partners, advertisers, affiliates and other content providers accessible through our site, may have their own privacy and data collection policies and practices. For example, during your visit to our site you may link to, or view as part of a frame on our page, certain content that is actually created or hosted by a third party. Also, through our site you may be introduced to, or be able to access, information, Web sites, advertisements, features, contests or sweepstakes offered by other parties. We are not responsible for the actions, privacy, security or content of such third parties. If you are asked to provide information on one of these Web sites, we encourage you carefully to review their privacy policy before sharing your information.

This Web site may utilize certain services provided by DoubleClick, Inc. (DoubleClick). For further information concerning DoubleClick's privacy practices, including the ability to opt-out from any data collection, reporting and/or targeting activities associated with its services, please go to:
http://www.doubleclick.com/us/about_doubleclick/privacy/</SUBTEXT>
    </SECTION>
    <SECTION>
        <SUBTITLE>Advertisers</SUBTITLE>
        <SUBTEXT>As you access our site, our advertisers, promotional partners or other third parties may use cookies or other technology to attempt to identify some of your preferences or retrieve information about you. For example, some of our advertising is served by third parties and may include cookies that enable the advertiser to determine whether you have seen a particular advertisement before to develop target advertising data. Through features available on our site, third parties may use cookies or other technology to gather information. Although these activities will appear to be coming from our site, they are actually coming directly from the third parties. We do not control the use of this technology or the resulting information and are not responsible for any actions or policies of such third parties.</SUBTEXT>
    </SECTION>
    <SECTION>
        <SUBTITLE>Your Contact Information</SUBTITLE>
        <SUBTEXT>You may, in the course of using our site, choose to provide us with personal information about yourself including name, e-mail address, mailing address or phone number. We will not sell or give away your personal information to any third parties. We do reserve the right to transfer personal information to a successor in interest that acquires rights to that information as a result of the sale of Box Office Mojo, LLC or substantially all of its assets.

We may disclose your information in response to a court order, to enforce our Terms of Use, at other times when we believe we are reasonably required to do so by law and/or whenever we deem it appropriate or necessary to give such information to law enforcement authorities. Please note we may not provide you with notice prior to disclosure in such cases.</SUBTEXT>
    </SECTION>
    <SECTION>
        <SUBTITLE>Children</SUBTITLE>
        <SUBTEXT>We comply with all applicable laws and regulations, including the Children's Online Privacy Protection Act (COPPA), which requires the consent of a parent or guardian for the collection of personally identifiable information from children under 13. If we discover we have received any information from a child under 13 in violation of the law, we will delete that information immediately. If you believe that we have any information from or about anyone under 13, please contact us at the address listed below.</SUBTEXT>
    </SECTION>
    <SECTION>
        <SUBTITLE>Changes to This Policy</SUBTITLE>
        <SUBTEXT>We reserve the right to change this policy at any time. Please check this page periodically for changes. Your continued use of our site following the posting of changes to these terms will mean you accept those changes. Information collected prior to the time any change is posted will be used according to the rules and laws that applied at the time the information was collected.</SUBTEXT>
    </SECTION>
    <SECTION>
        <SUBTITLE>Governing Law</SUBTITLE>
        <SUBTEXT>This policy and the use of this Site are governed by California law. Any claim related to the Site or this policy shall be brought in a federal or state court in Los Angeles, California within one year after the claim arises. You agree no such claim may be brought as a class action. Users of our site consent to the jurisdiction and venue of such court as the most convenient and appropriate for the resolution of disputes concerning this policy. We are controlled, operated and administered entirely within the United States. If you are located outside the United States, please note the information you provide to us will be transferred to the United States. You hereby consent to this transfer.

In the event case of any conflict between the terms of this policy and the terms of any electronic or machine readable privacy policy (for example, a P3P electronic privacy policy), the terms of this written policy shall control.</SUBTEXT>
    </SECTION>
    <SECTION>
        <SUBTITLE>Contacting the Web Site</SUBTITLE>
        <SUBTEXT>If you have any questions about this privacy statement, the practices of this site, or your dealings with this Web site, write to mail@boxofficemojo.com.</SUBTEXT>
    </SECTION>
    <SECTION>
        <SUBTITLE>RELATED LINK</SUBTITLE>
        <SUBTEXT>• Box Office Mojo Terms of Use

Sponsored Links
Sinusitis Treatment - BST
Consult An ENT Surgeon To Know More
About Balloon Sinuplasty. Visit
sinusrelief.in/Find-An-Ent-DoctorPalladium Hotel Online
With Spa, Gym, Conference Hall And
Luxurious Rooms &amp; Suits. Book Now.
palladiumhotel.in/Book_Hotel_Online</SUBTEXT>
    </SECTION>
</POLICY>
