<POLICY modification_date="January 26, 2010" policy_url="http://dynamic.focalprice.com/helpinfo?currentCategoryID=24" website_category="Shopping" website_index="082" website_url="focalprice.com">
    <SECTION>
        <SUBTITLE />
        <SUBTEXT>Privacy &amp; Security Policy

Last updated
The Privacy Policy contained herein became officially effective on  Jan 26th, 2010.</SUBTEXT>
    </SECTION>
    <SECTION>
        <SUBTITLE>Security</SUBTITLE>
        <SUBTEXT>Focalprice.com takes precautions to protect your Personal information. When you submit sensitive information via the website, your information is protected both online and offline.
The policy of allowing access to this Personal Information is only to our staffs with a need to know. We also use available technology and encryption, when legally required or when appropriate for your protection, to provide a more secure environment and to reduce the chance of unauthorized access. Personal Information is stored in a secure environment protected by a combination of physical and technical measures. Tape backups are not permitted to leave the premises without prior authorization.
Focalprice.com is the sole owner of information collected on this site. We will not sell, share, or rent this information to any outside parties.</SUBTEXT>
    </SECTION>
    <SECTION>
        <SUBTITLE>This information may be collected</SUBTITLE>
        <SUBTEXT>Register email,Password (No any other body can get your password include our staffs, it is encrypted!)
Nickname, IP address, the date and time, browser and operating system, the URL you request, your PayPal email, your PayPal shipping address;Other information if you want to share with us, like Phone number etc.
When you browse our website, we may collect this information:
IP address, browser and operating system, the URL you request.
When you register in our website, we may collect this information:
Register email, Password, Nickname, IP address, the date and time, browser and operating system, the URL you request.
When you order in our website, we may collect this information:
Register email, Password, Nickname, IP address, the date and time, browser and operating system, the URL you request, your PayPal email, your PayPal shipping address
When we have more cooperation (like drop shipping), we may collect more information:
like Phone number, your website, MSN, your reviews and testimonials etc</SUBTEXT>
    </SECTION>
    <SECTION>
        <SUBTITLE>Information use:</SUBTITLE>
        <SUBTEXT>We need the information to process your orders and offer better services to you; we want to make it easier to tailor our products and services to your particular needs. We also want you to have the most enjoyable Internet and shopping experiences possible. This Personal Information also may be used to contact by email you about sales, special offers and new site features, unless you have elected not to receive promotional communications in connection with this website. However, if you do not like receive promotion emails from us, we will respect you wish. Any email we send you will contain an easy automated unsubscribed link so that you can opt-out of that subscription. Simply follow the indications in the email.</SUBTEXT>
    </SECTION>
    <SECTION>
        <SUBTITLE>Links</SUBTITLE>
        <SUBTEXT>Our website contains links to other sites (like tracking web). Please be aware that Focalprice.com is not responsible for the privacy practices of such other sites. We encourage users to be aware when they leave our site and to read the privacy statements of each and every website that collects personally identifiable information. This privacy statement applies only to information collected by this website. If you wish to talk to a focalprice.com customer care representative, please call 00852-30696120 or write to Customer Service Executive, Chiang Network Technology Co., Ltd, Room 1001，CARNIVAL COMMERCIAL BUILDING,18 JAVA ROAD,NORTH POINT,HONG KONG. You can also email us at info@focalprice.com</SUBTEXT>
    </SECTION>
    <SECTION>
        <SUBTITLE>Notification of Changes</SUBTITLE>
        <SUBTEXT>If we decide to change our Privacy Policy, we will post those changes to this privacy statement, the homepage, or other places we deem appropriate so that you are aware of what information we collect, how we use it, and under what circumstances, if any, we disclose it. Customers are responsible for periodically checking the Privacy Policy available on the Website for changes. If we make material changes to this policy, we will notify you here or by means of a notice on our homepage.</SUBTEXT>
    </SECTION>
</POLICY>
