<POLICY modification_date="" policy_url="http://earthclinic.com/privacy_policy.html" website_category="Health" website_index="098" website_url="earthclinic.com">
    <SECTION>
        <SUBTITLE />
        <SUBTEXT>Earth Clinic, LLC Privacy Policy Agreement

The privacy of our visitors to the Earth Clinic web site, www.earthclinic.com ("Earth Clinic, LLC") is important to us. Because we gather certain types of information about our users, we want to help you understand the terms and conditions surrounding the collection and use of that information. This privacy statement discloses the types of information we gather, how we use it, and how to correct or change it. These privacy practices apply to the Web site that you were viewing when you clicked through to this policy, which is operated directly by us.

Here is information on what types of personal information we receive and collect when you use visit the Earth Clinic LLC web sites and how we safeguard your information. We never sell your personal information to third parties.</SUBTEXT>
    </SECTION>
    <SECTION>
        <SUBTITLE>What Information Does Earth Clinic, LLC collect</SUBTITLE>
        <SUBTEXT>Our primary goal in collecting personal information is to provide you with the best and most useful content and services. Several of the services and features that we offer on our sites require you to provide us with information as a condition of usage. These include access to email newsletters and participation in our forum.

We collect personally identifiable information, such as your first name, city, state, country and email address, when you provide it to us. From time to time, we may also collect other sensitive information such as your username and password.

Once you register with one of our Earth Clinic LLC sites you are no longer anonymous to us.</SUBTEXT>
    </SECTION>
    <SECTION>
        <SUBTITLE>Log Files</SUBTITLE>
        <SUBTEXT>As with most other websites, we collect and use the data contained in log files. The information in the log files include your IP (internet protocol) address, your ISP (internet service provider, such as AOL or Shaw Cable), the browser you used to visit our site (such as Internet Explorer or Firefox), the time you visited our site and which pages you visited throughout our site.</SUBTEXT>
    </SECTION>
    <SECTION>
        <SUBTITLE>Cookies and Web Beacons</SUBTITLE>
        <SUBTEXT>We do use cookies to store information, such as your personal preferences when you visit our site. This could include only showing you a popup once in your visit, or the ability to login to some of our features, such as forums.

We also use third party advertisements on earthclinic.com and planet.earthclinic.com to support our site. Some of these advertisers may use technology such as cookies and web beacons when they advertise on our site, which will also send these advertisers (such as Google through the Google AdSense program) information including your IP address, your ISP, the browser you used to visit our site, and in some cases, whether you have Flash installed. This is generally used for geotargeting purposes (showing New York real estate ads to someone in New York, for example) or showing certain ads based on specific sites visited (such as showing cooking ads to someone who frequents cooking sites).

You can chose to disable or selectively turn off our cookies or third-party cookies in your browser settings, or by managing preferences in programs such as Norton Internet Security. However, this can affect how you are able to interact with our site as well as other websites. This could include the inability to login to services or programs, such as logging into forums or accounts.</SUBTEXT>
    </SECTION>
    <SECTION>
        <SUBTITLE>Your Options</SUBTITLE>
        <SUBTEXT>Users who would rather not provide any of the user data requested by our registration process do not need to register with us. You can still view much of the content and use many of the services offered by our sites without registering. If you have already registered with us and wish to have your account deleted, you may do so in the member-services area of your account.</SUBTEXT>
    </SECTION>
    <SECTION>
        <SUBTITLE>Reviewing and updating your personally identifiable information</SUBTITLE>
        <SUBTEXT>You can review, correct, or change the information collected during registration for any of our sites. The instructions for doing this can be found in our member-services areas. Users may change information at any time and as often as necessary. Users who are experiencing problems with our services or who have questions about how our services work can contact us using the e-mail address at the bottom of this page.</SUBTEXT>
    </SECTION>
    <SECTION>
        <SUBTITLE>Privacy Policy Changes</SUBTITLE>
        <SUBTEXT>Any modifications to our privacy practices will be reflected first within this area of our Web sites. If there is a material change in our privacy practices, we will indicate on our sites that our privacy practices have changed and provide a link to the new privacy statement. If we are going to be using the information collected from users in a manner materially different from that stated at the time of collection, we will send affected users written notice of the change by e-mail.</SUBTEXT>
    </SECTION>
    <SECTION>
        <SUBTITLE>Privacy of Children</SUBTITLE>
        <SUBTEXT>None of the sites within our network is directed to children under the age of 13. We operate our network of sites in compliance with the Children's Online Privacy Protection Act and do not permit registration by, and will not knowingly collect or use personally identifiable information from, anyone under 13 years of age. This requirement is clearly posted during the registration process.</SUBTEXT>
    </SECTION>
    <SECTION>
        <SUBTITLE>Questions, Comments</SUBTITLE>
        <SUBTEXT>Questions about this privacy statement should be sent to:

Phone: (404) 939-1783
Email: Contact Us Form

We read every message submitted and try to reply promptly to every one.</SUBTEXT>
    </SECTION>
</POLICY>
