<POLICY modification_date="October 19, 2013" policy_url="https://help.github.com/articles/github-privacy-policy" website_category="Computers" website_index="061" website_url="github.com">
    <SECTION>
        <SUBTITLE />
        <SUBTEXT>Article last updated on 19-Oct-13
GitHub Privacy Policy</SUBTEXT>
    </SECTION>
    <SECTION>
        <SUBTITLE>General Information</SUBTITLE>
        <SUBTEXT>We collect the e-mail addresses of those who communicate with us via e-mail, aggregate information on what pages consumers access or visit, and information volunteered by the consumer (such as survey information and/or site registrations). The information we collect is used to improve the content of our Web pages and the quality of our service, and is not shared with or sold to other organizations for commercial purposes, except to provide products or services you've requested, when we have your permission, or under the following circumstances:

It is necessary to share information in order to investigate, prevent, or take action regarding illegal activities, suspected fraud, situations involving potential threats to the physical safety of any person, violations of Terms of Service, or as otherwise required by law.
We transfer information about you if GitHub is acquired by or merged with another company. In this event, GitHub will notify you before information about you is transferred and becomes subject to a different privacy policy.</SUBTEXT>
    </SECTION>
    <SECTION>
        <SUBTITLE>Information Gathering and Usage</SUBTITLE>
        <SUBTEXT>When you register for GitHub we ask for information such as your name, email address, billing address, credit card information. Members who sign up for the free account are not required to enter a credit card.
GitHub uses collected information for the following general purposes: products and services provision, billing, identification and authentication, services improvement, contact, and research.</SUBTEXT>
    </SECTION>
    <SECTION>
        <SUBTITLE>Cookies</SUBTITLE>
        <SUBTEXT>A cookie is a small amount of data, which often includes an anonymous unique identifier, that is sent to your browser from a web site's computers and stored on your computer's hard drive.
Cookies are required to use the GitHub service.
We use cookies to record current session information, but do not use permanent cookies. You are required to re-login to your GitHub account after a certain period of time has elapsed to protect you against others accidentally accessing your account contents.</SUBTEXT>
    </SECTION>
    <SECTION>
        <SUBTITLE>Data Storage</SUBTITLE>
        <SUBTEXT>GitHub uses third party vendors and hosting partners to provide the necessary hardware, software, networking, storage, and related technology required to run GitHub. Although GitHub owns the code, databases, and all rights to the GitHub application, you retain all rights to your data.</SUBTEXT>
    </SECTION>
    <SECTION>
        <SUBTITLE>Disclosure</SUBTITLE>
        <SUBTEXT>GitHub may disclose personally identifiable information under special circumstances, such as to comply with subpoenas or when your actions violate the Terms of Service.</SUBTEXT>
    </SECTION>
    <SECTION>
        <SUBTITLE>EU and Swiss Safe Harbor</SUBTITLE>
        <SUBTEXT>If you choose to provide GitHub with your information, you consent to the transfer and storage of that information on our servers located in the United States.

GitHub adheres to the US-EU and US-Swiss Safe Harbor Privacy Principles of Notice, Choice, Onward Transfer, Security, Data Integrity, Access and Enforcement, and is registered with the U.S. Department of Commerce's Safe Harbor Program http://www.export.gov/safeharbor/.

For European Union and Swiss residents, any questions or concerns regarding the use or disclosure of your information should be directed to GitHub by sending an email to privacy@github.com. We will investigate and attempt to resolve complaints and disputes regarding use and disclosure of your information in accordance with this Privacy Policy. For complaints that cannot be resolved, and consistent with the Safe Harbor Enforcement Principle, we have committed to cooperate with data protection authorities located within Switzerland or the European Union (or their authorized representatives).</SUBTEXT>
    </SECTION>
    <SECTION>
        <SUBTITLE>Changes</SUBTITLE>
        <SUBTEXT>GitHub may periodically update this policy. We will notify you about significant changes in the way we treat personal information by sending a notice to the primary email address specified in your GitHub primary account holder account or by placing a prominent notice on our site.</SUBTEXT>
    </SECTION>
    <SECTION>
        <SUBTITLE>Questions</SUBTITLE>
        <SUBTEXT>Any questions about this Privacy Policy should be addressed to support@github.com.</SUBTEXT>
    </SECTION>
</POLICY>
