<POLICY modification_date="" policy_url="http://ibnlive.in.com/policy.php" website_category="Regional" website_index="078" website_url="ibnlive.in.com">
    <SECTION>
        <SUBTITLE />
        <SUBTEXT>Privacy Policy
IBN7IBN7</SUBTEXT>
    </SECTION>
    <SECTION>
        <SUBTITLE>Privacy Policy</SUBTITLE>
        <SUBTEXT>Web18 recognizes the importance of protecting the privacy of information and will keep the information you entrust to us safely and securely.</SUBTEXT>
    </SECTION>
    <SECTION>
        <SUBTITLE>What this Privacy Policy Covers</SUBTITLE>
        <SUBTEXT>This policy tells you how Web18 collects information from you, how we protect it and how we use it, and share all personal information which you provide when you use any of Web18 sites (the "Sites"), unless otherwise specified on the relevant site where a different privacy policy will be displayed This policy does not apply to the practices of companies that Web18 does not own or control or to people that Web18 does not employ or manage.</SUBTEXT>
    </SECTION>
    <SECTION>
        <SUBTITLE>Information Collection and Use</SUBTITLE>
        <SUBTEXT>We respect each visitor's right to personal privacy. To that end, we collect and use information throughout our web site only as disclosed in this Privacy Policy. This statement applies solely to the information collected on ibnlive.com.

We will collect personally identifiable information from you in a variety of ways including directly from you when you register on the Sites, use other Web18 services, enter competitions or prize draws, navigate around our Sites or respond to communications from us. Web18 may also receive personally identifiable information from, third parties including our related companies, our business partners and publicly available sources of information.

The following is what we normally collect about you to help us provide you with our services, where we can:
• Personal attributes, name, address, gender, date of birth, email, telephone number, and service details;
• Information on how you use our website, including details of your domain name and Internet Protocol address, operating system, browser, cookies, time spent on a page or content, and the route you took to navigate through the pages;
• Other data, from time to time, to help us provide you with improved products and services.

If you choose not to provide us with certain information we may not be able to provide you with a particular service.
Web18 also automatically receives and records information on our server logs from your browser including your IP address, Web18! cookie information and the page you requested.

In addition, when you use Web18's services, you may make some of your personal information public. If you post personal information online that is accessible to the public, you may receive unsolicited messages from other parties in return and Web18 will not be responsible for the use or misuse of such information. The main uses of your personal information are to verify your identity; to help provide our services; to administer those services; to enable us to review and improve our service to provide access to certain areas of the website; to personalise your visit to our site; to run competitions and games and to assist with advertising and other revenue generation functions.
The information we collect is also used to notify visitors about events, changes and other information about this web site. The information we collect is never shared with other organizations for commercial or other purposes.
This information may be used for marketing (where you have agreed to this) and for market research purposes, including internal demographic studies, to provide, optimise and personalise our services and to send you newsletters and information (where you have agreed to this) about our products and services.
We may use information about you to create a picture of your interests. This will allow us to understand our customers and visitors better, so we can make our services and marketing more relevant. Information that we use in this way may include:
(i) information about your use of this and other Web18 Sites;
(ii) household classification data,
(iii) your responses to communications from us;
(iv) your interaction with other parts of the Web18 Group;
(v) information you provide when you register on a Site;
(vi) customer surveys;
(vii) information provided by other companies, where you gave them permission to share this information. We may use a variety of technical methods such as cookies and web beacons to collate this information (see the section below on "Use of Cookies" for further information).</SUBTEXT>
    </SECTION>
    <SECTION>
        <SUBTITLE>Information Sharing and Disclosure</SUBTITLE>
        <SUBTEXT>Web18 will NOT disclose personally identifiable information about you to third parties except in the following situations:
• We have your consent to share the information;
• We need to share your information to provide the product or service you have requested;
• We need to share the information with certain service partners in order to respond to your comments or to resolve service issues. (Unless we tell you differently, these partners have no independent right to use this information except to respond to your comments or to resolve the service issues.);
• We respond to requests from any Indian or foreign government, security, defence, revenue, regulatory or other authority, agency or officer;
• We respond to subpoenas, court orders or legal proceedings;
• When required by law that such action is necessary to protect and defend the rights of property ibnlive.com;
• When applicable law or regulation requires disclosure of information to protect the safety or security of users of our Sites;
• We find that your actions on our web sites violate the Web18 Terms of Service or any of our usage guidelines for specific products or services;
• If we sell the business of some of the Web18 group of companies to another organisation or merge with other businesses. In this case, the buyer will only be able to use your information as set out in this Privacy Policy;
• If we use third party processors to administer and process your personal information for the purposes notified in the Privacy Policy, e.g. for hosting activities related to the use of our Sites or services; or
• We may need to share details with third parties (such as auditors or legal advisors) to obtain advice. Any such processing will be governed by an agreement in the form required by law, preserving any statutory data protection rights.</SUBTEXT>
    </SECTION>
    <SECTION>
        <SUBTITLE>Who has access to the information at Web18</SUBTITLE>
        <SUBTEXT>We may share your information with other members of the Web18 Group. As used in this Privacy Policy the Web18 Group includes Web18 Holdings Limited, Cayman Islands and all of its subsidiary and affiliated entities, including companies such as those branded under Network18 labels . In this Privacy Policy "we", "us", "our" and "ourselves" means any member of this Group.
People we may disclose your personal information will include:
• Members of Web18 ;
• our related companies;
• advertisers and content partners, either in an aggregate form eg. “5,000 users clicked on a banner ad”;
• credit-reporting and fraud-checking agencies;
• our professional advisers, including our accountants, auditors and lawyers;
• other telecommunication and information service providers;
• by disclosing individual records such as IP addresses as may be required by law; or
• government and regulatory authorities and other organisations, as required or authorised by law.
We will ensure that these people only use such information to perform the above functions, and that they have adequate procedures in place to deal with your data securely. Some of these people may be based outside India.</SUBTEXT>
    </SECTION>
    <SECTION>
        <SUBTITLE>Use of information for marketing</SUBTITLE>
        <SUBTEXT>In line with any permission you give us, we may send you direct marketing about our own, or carefully selected third parties' goods and services and disclose your information to other organisations that may send direct marketing to you. You can change your marketing preferences if you are registered with us. In addition, you can unsubscribe from email communications via unsubscribe links provided in communications sent to you.</SUBTEXT>
    </SECTION>
    <SECTION>
        <SUBTITLE>Link from or to Other Sites</SUBTITLE>
        <SUBTEXT>As a means of providing useful resources to our users, ibnlive.com provides links to other web sites. We try to carefully choose web sites that we believe are useful and meet our high standards. However, because web sites can change so quickly, we do not guarantee the standards of any website links we provide nor do we imply endorsement. ibnlive.com is not responsible for the data and privacy policies, content or security of other websites that are linked to our site. . You should be aware that when you are on our Sites you could be directed to other sites where the personal information collected is outside of our control. The privacy policy of the new site will govern the information obtained from you on that site.</SUBTEXT>
    </SECTION>
    <SECTION>
        <SUBTITLE>Access to your account information</SUBTITLE>
        <SUBTEXT>You can access and change the information that you provided during registration. Simply click on this link http://ibnlive.in.com and then log in with your member name and password wherever necessary. There are instructions on the start page to help you recover your password if you've forgotten it. You can also contact us via e-mail by clicking "Contact Us" bar of ibnlive.com page, or send an email directly to editor@ibnlive.com. Please include information in the e-mail that will help us identify your account so we can assist you with your inquiry or request.</SUBTEXT>
    </SECTION>
    <SECTION>
        <SUBTITLE>Cookies</SUBTITLE>
        <SUBTEXT>We collect information through technology to make our Sites and other content or services which we make available to you more interesting and useful to you. For instance, when you come to one of our Sites via your computer or other media device, we may combine your visitor session information or other information collected through cookies, web beacons and other technical methods with personally identifiable information in order to understand and improve your online experiences and to determine what products, promotions and services you prefer or are likely to be of interest to you.
Cookies are pieces of information that a Site sends to your computer or other media device while you are viewing or interacting with the Site. We use cookies for a variety of purposes including tracking usage on our Sites in order to- enhance our guests' experience on our Sites and to learn more about your preferences and interests
Web beacons are small pieces of data that are embedded in images on the pages of Sites. We also use these technical methods to analyse the traffic patterns on our Sites, such as the frequency with which our users visit various parts of our Sites.
Web18 ensures that all information collected and accessed by Web18 through the access of these cookies will be maintained in accordance with this Privacy Policy. Web18 allows other companies that are presenting advertisements on some of our pages to set and access their cookies on your computer. Other companies' use of their cookies is subject to their own privacy policies. Advertisers or other companies do not have access to Web18's cookies.</SUBTEXT>
    </SECTION>
    <SECTION>
        <SUBTITLE>Security</SUBTITLE>
        <SUBTEXT>We take various precautions to keep your personal information secure from unauthorized access and will store your personal information for so long as it is necessary to provide you our services or for archive purposes. You are responsible for keeping your User ID and password secure and you should not disclose them to anyone.</SUBTEXT>
    </SECTION>
    <SECTION>
        <SUBTITLE>Notification of Changes</SUBTITLE>
        <SUBTEXT>Web18 may amend this Privacy Policy from time to time and we will post the latest version on this and all our other Sites. If we ever wish to use your personal information in a way which is incompatible with the information in this Privacy Policy, we will only do so with your consent.</SUBTEXT>
    </SECTION>
    <SECTION>
        <SUBTITLE>Acceptance of Privacy Policy</SUBTITLE>
        <SUBTEXT>Your right to access this website is conditional upon your full acceptance of this Privacy Policy and by accessing the Sites you you signify your consent that we store and process your personal data in accordance with this Privacy Policy.</SUBTEXT>
    </SECTION>
    <SECTION>
        <SUBTITLE>Contact Us</SUBTITLE>
        <SUBTEXT>If you need further assistance or have queries about our use of personal information, please send us an email with your questions or comments to editor@ibnlive</SUBTEXT>
    </SECTION>
</POLICY>
