<POLICY modification_date="September 01, 2006" policy_url="http://info.sciencedirect.com/sciencedirect/buying/policies/privacy" website_category="Science" website_index="014" website_url="sciencedirect.com">
    <SECTION>
        <SUBTITLE />
        <SUBTEXT>Privacy Policy
Share this
Printer-friendly version

This website ("Site") is owned and operated by Elsevier B.V., Radarweg 29, 1043 NX Amsterdam, The Netherlands, Reg. No. 33156677, BTW No. NL005033019B01 ("Elsevier", "we", "us" or "our").

We are committed to maintaining your confidence and trust with respect to the information we collect from you. This privacy policy sets forth what information we collect about you, how we use your information, and the choices you have about how we use your information.</SUBTEXT>
    </SECTION>
    <SECTION>
        <SUBTITLE>Collection of Information Provided By Your Browser and Through Use of Cookies</SUBTITLE>
        <SUBTEXT>This Site automatically collects information on our server logs from your web browser regarding your use of the Site. Examples of information we collect automatically from all users include the Internet Protocol ("IP") address used to connect your computer to the Internet; computer and connection information such as browser type and version, operating system, and platform; and full Uniform Resource Locator ("URL") click stream data, including date and time, and content you viewed or searched for on the Site.

This Site also collects information through the use of "cookies." Cookies are anonymous, unique alphanumeric identifiers sent to your browser from a web site's computers and stored on your computer's hard drive. The type of information we collect as a result of a cookie being stored on your computer is specific to your computer. We use "session" cookies to collect information about your use of the Site (e.g., whether you are logged in) and to give you a more personalized browsing experience and help you navigate the Site more efficiently from page to page. These cookies are temporary and are deleted when you close your browser. We use "persistent" cookies to gather statistical information about repeat usage from your computer or workstation.

We collect and use, and may from time to time supply third parties with, this information only as anonymous, collective or aggregated user data for the purposes of usage analysis, quality control and administering and improving the Site.

You can prevent your browser from accepting new cookies, have the browser notify you when you receive a new cookie, or disable cookies altogether by accessing your browser's preferences menu. If you choose to disable cookies altogether, you can use the Site but will not be able to register, login to the Site with a personal User Name and Password, or make use of the advanced personalization features of the Site, although the basic features and functionality offered to unregistered users of the Site will be possible to use.</SUBTEXT>
    </SECTION>
    <SECTION>
        <SUBTITLE>Collection and Registration of Personal Information</SUBTITLE>
        <SUBTEXT>We sometimes request users of the Site to provide personal information. The information collected from a user is strictly voluntary and may include contact information such as the user's name, email address, and postal address.

In order to access certain content and to make use of the full functionality and advanced personalization features of the Site such as alerts, saved searches, and search history, we ask you to register and obtain a personal User Name and Password. You may be prompted to register when you:

Choose the "Register" link from the home page or login screens
Use personalization features
Create an email alert or save a search
Order a document

The information collected from the registration form that is presented to users when they choose to register may include contact information such as the user's name, email address, postal address, work setting, profession, principal professional field and country ("Registration Information"). The Registration Information is linked directly to a personal User Name and Password chosen by the user and can only be retrieved by supplying the correct User Name and Password that is linked to that profile.</SUBTEXT>
    </SECTION>
    <SECTION>
        <SUBTITLE>How Personal Information Is Used</SUBTITLE>
        <SUBTEXT>We use the personal information that you provide for such purposes as:

Completion and support of the activity for which the information was provided, such as allowing access to or delivery of our products or services, processing or fulfilling an order, or responding to your requests or inquiries;
Website and system administration, such as for the technical support of the Site and its computer system, including processing computer account information, information used in the course of securing and maintaining the Site, and verification of Site activity by the Site or its agents;
Tailoring or customizing content or design of the Site during a single visit to the Site and individualized personalization of the Site on repeat visits;
Research and development to enhance, evaluate and improve the Site and our services;
Pseudonymous analysis to create a profile used to determine the habits, interests or other characteristics of users for purposes of research, analysis and anonymous reporting; and
Communicating with you about changes or updates to the Site and our services and, with your consent, special offers, promotions or market research surveys.</SUBTEXT>
    </SECTION>
    <SECTION>
        <SUBTITLE>Disclosure of Personal Information to Third Parties</SUBTITLE>
        <SUBTEXT>Access to your personal information is restricted to our employees, agents, representatives and service providers, such as our data processing operations, and entities for whom we are acting as an agent, licensee or publisher, such as societies and our affiliated group companies, for the purposes set forth above. Your personal information may be used by all of our trading names and transferred to countries outside of the European Economic Area ("EEA"), including to the United States, for processing. These countries may not have similar data protection laws to the EEA. If we transfer your information outside of the EEA in this way, we will take steps to ensure that your privacy rights continue to be protected. In addition, if you access the Site while you are outside of the EEA, your information may be transferred outside of the EEA in order to provide you with such access.

If you are an authorized user of an institution with a license agreement with us, your Registration Information and unsubscribed content usage activity statistics may be shared with your institution's librarian(s) and/or administrator(s) for the purposes of usage analysis, quality control and administering and improving the Site.

With your consent, we also may share your personal information with our affiliated group companies located both inside and outside of the EEA in Argentina, Australia, Brazil, Canada, China, India, Japan, Malaysia, New Zealand, Philippines, Russia, Singapore, South Korea, Switzerland, Taiwan and the United States and/or with non-affiliated third parties located inside and outside of the EEA that wish to send you information about their products and services that may be of interest to you, and users who have consented to receive such information may receive communications from these third parties. If you wish us to pass your personal information to such third parties, please tick the appropriate check box when you register or amend your preferences by logging in and clicking on the relevant "My Profile" link at any time.

We will not otherwise disclose any personal information without your consent except under the following circumstances:

in response to subpoenas, court orders, or legal process, or to establish or exercise our rights to defend against legal claims;
if we believe it is necessary to investigate, prevent, or take action regarding illegal activities, suspected fraud, safety of person or property, violation of our policies, or as otherwise required by law; and
if Elsevier, this Site, or a related asset or line of business is acquired by, transferred to or merged with another company.</SUBTEXT>
    </SECTION>
    <SECTION>
        <SUBTITLE>Access and Changes to Your Registration Information and Preferences</SUBTITLE>
        <SUBTEXT>Registered users may access their identified contact information and other Registration Information and correct any discrepancies or update information by clicking on the relevant "My Profile" link at any time. The accuracy of such information is solely the responsibility of the user. No access is given to other data that may have been collected about users.

If you wish to receive alerts, newsletters, special offers or promotions from us, please tick the appropriate check box when you register or amend your preferences by logging in and clicking on the relevant "My Profile" link at any time. If you wish to cease receiving any of this information, amend your preferences either by logging in and clicking on the relevant "My Profile" link, by notifying our e-Helpdesk, or by using the "opt-out" or unsubscribe option or other means provided within the communications you receive. We reserve the right to notify you of changes or updates to the Site whenever necessary.</SUBTEXT>
    </SECTION>
    <SECTION>
        <SUBTITLE>Third-Party Advertisers</SUBTITLE>
        <SUBTEXT>We contract with third-party advertisers and their agents that post on the Site banner ads, which may link to other websites not under our control. These third-party advertisers and their agents may use cookie technology to measure the effectiveness of their ads or may otherwise collect personally identifiable information from you when you leave this site. We are not responsible or liable for any content, advertising, products or other materials offered from such advertisers and their agents. Transactions that occur between you and the third party are strictly between you and the third party and are not our responsibility. You should review the privacy policy of any third-party advertiser and its agent, as their policies may differ from ours.</SUBTEXT>
    </SECTION>
    <SECTION>
        <SUBTITLE>Retention of Personal Information</SUBTITLE>
        <SUBTEXT>We retain the personal information we collect from you for as long as the information is relevant to our business purposes or until you request that we remove the data by contacting our e-Helpdesk.</SUBTEXT>
    </SECTION>
    <SECTION>
        <SUBTITLE>Our Commitment to Data Security</SUBTITLE>
        <SUBTEXT>We recognize that your privacy is important to you, and therefore we endeavor to keep your personal information confidential. The personal and demographic information about each user is stored on servers that are behind a firewall and physically housed within a secured data center. Furthermore, our internal practices help protect your privacy by limiting employee access to and use of such information. However, we do not represent, warrant, or guarantee that your personal information will be protected against unauthorized access, loss, misuse, or alterations, and do not accept any liability for the security of such information submitted to us nor for your or third parties' use or misuse of such information.</SUBTEXT>
    </SECTION>
    <SECTION>
        <SUBTITLE>About This Privacy Policy</SUBTITLE>
        <SUBTEXT>The foregoing is the current privacy policy of the Site. We reserve the right to change this policy at any time without notice. Any changes to this policy will be posted on this webpage. Our policy does not create a contract or any legal rights.

This privacy policy applies solely to the information you provide while visiting this Site. The terms of this privacy policy do not govern personal information furnished through any means other than this Site (such as via telephone or postal mail).

This Site may contain links to other web sites that are beyond our control. Other web sites to which you link may contain privacy policies that are different from this privacy policy. We encourage you to check the privacy policy of each web site you visit before submitting any information to them.</SUBTEXT>
    </SECTION>
    <SECTION>
        <SUBTITLE>Questions, Complaints, and Dispute Resolution</SUBTITLE>
        <SUBTEXT>If you have any questions or comments regarding this privacy policy, please contact our e-Helpdesk. If at any time you believe that we have not adhered to this privacy policy or you have a complaint regarding the way your personal information is being handled, please contact our e-Helpdesk. Disputes under this privacy policy will be resolved by our e-Helpdesk, which will use commercially reasonable efforts to promptly investigate and, if necessary, to correct any problem.</SUBTEXT>
    </SECTION>
</POLICY>
