<POLICY modification_date="September 27, 2013" policy_url="http://mashable.com/privacy/" website_category="Computers" website_index="066" website_url="mashable.com">
    <SECTION>
        <SUBTITLE />
        <SUBTEXT>Mashable, Inc. Privacy Policy
We take your privacy very seriously and are committed to being transparent with how we use your information. This website and any of our services and sites directing you to this Privacy Policy are controlled by Mashable, Inc. (collectively "we" or "us").

Our Privacy Policy explains:

What information we collect and why we collect it.
How we use that information.
The choices we offer, including how to access and update information.
If you have any questions about this Privacy Policy, please contact us at: terms@mashable.com.</SUBTEXT>
    </SECTION>
    <SECTION>
        <SUBTITLE>Information we collect</SUBTITLE>
        <SUBTEXT>We collect information to provide better services to our users and improve our business.

We collect information in two ways:

Information you give us or information provided through a social network. For example, some of our services require you to sign up for an account, provide information for a contest or award, or link an account through a social network. We work with social networks including, but not limited to Facebook, Twitter, Google Plus, and LinkedIn. We have access to information you directly provide and information through those social networking services based on your privacy settings on those networks.
Information we get from your use of our services. We may collect information about the services that you use and how you use them, like when you visit different parts of our site or applications and what selections you make on the services. We may also automatically collect certain technical information such as:
Device information We may collect device-specific information (such as your hardware model, operating system version, unique device identifiers, and mobile information if you use a mobile device to access the site).
Log information When you use our services or view content provided by us, we may automatically collect and store certain information in server logs. This information may include:
details of how you used our service, such as your navigation paths and search queries.
mobile related information if you access our website using your mobile device.
internet protocol address.
device event information such as crashes, system activity, hardware settings, browser type, browser language, the date and time of your request and referral URL.
cookies that may uniquely identify your browser, mobile device, or your account.
Browser type, operating system, and other technical information.</SUBTEXT>
    </SECTION>
    <SECTION>
        <SUBTITLE>How we use information we collect</SUBTITLE>
        <SUBTEXT>We use the information we collect from all of our services to provide, maintain, protect and improve our services, to develop new services and offerings and to protect our us and our users. We also use this information to offer you tailored content like giving you more relevant search results and ads.

When you contact us, we may keep a record of your communication as well as the other information in this Privacy Policy to help solve any issues you might be facing. We may use your email address to inform you about our services, such as letting you know about upcoming changes or improvements.

We use aggregated and demographic information to support our advertising needs so we can continue to provide many services for free. Your personally identifiable information is never disclosed to these parties, unless you consent.

We, or our advertising networks may also use cookie, tag, beacon, or other similar technology to serve you relevant advertisements and alert you to our content, even on other sites and services. This technology can also be used to collect and analyze aggregated information about our users. The National Advertising Initiative has more information and an opt-out site maintained here: http://www.networkadvertising.org/choices/

Please keep in mind that comments sections, forums, and other similar areas of our services are public. Any information posted in those areas is viewable and usable by anyone that has access.

We will ask for your consent before using information for a purpose other than those that are set out in this Privacy Policy.</SUBTEXT>
    </SECTION>
    <SECTION>
        <SUBTITLE>Choice</SUBTITLE>
        <SUBTEXT>If we provide you with any mailings or other communication, you can always opt out of that communication.

You may also set your browser to block all cookies, including cookies associated with our services, or to indicate when a cookie is being set by us. However, it's important to remember that many of our services may not function properly if your cookies are disabled.

You have the right to remove your personal information from our databases. To do this, please delete your Mashable account. If you have any problems or questions, please let us know by contacting us here support@mashable.com and we will assist you with the process of deleting your account. For security purposes will not process any deletion requests via email. Deleting your Mashable account personally allows us to verify your identity.</SUBTEXT>
    </SECTION>
    <SECTION>
        <SUBTITLE>Accessing and updating your personal information</SUBTITLE>
        <SUBTEXT>Whenever you use our services, we aim to provide you with access to your personal information in your account. If that information is wrong, we strive to give you ways to update it quickly or to delete it unless we have to keep that information for legitimate business or legal purposes. When updating your personal information, we may ask you to verify your identity before we can act on your request.</SUBTEXT>
    </SECTION>
    <SECTION>
        <SUBTITLE>Information we share</SUBTITLE>
        <SUBTEXT>We do not share personal information with companies, outside organizations and individuals unless one of the following circumstances apply:

With your consent. We will share personal information with companies, outside organizations or individuals if we have your consent to do so.
For external processing. We provide personal information to our affiliates or other trusted businesses or persons to process it for us, based on our instructions and in compliance with our Privacy Policy and any other appropriate confidentiality and security measures.
For legal reasons. We will share personal information with companies, outside organizations or individuals if we have a good-faith belief that access, use, preservation or disclosure of the information is reasonably necessary to meet any applicable law, regulation, legal process or enforceable governmental request, detect, prevent, or otherwise address fraud, security or technical issues or protect against harm to the rights, property or safety of our users or the public as required or permitted by law.
In case of a sale or asset transfer. If we become involved in a merger, acquisition or other transaction involving the sale of some or all of our assets, user information, including personal information collected from you through your use of our Services, could be included in the transferred assets. Should such an event occur, we will use reasonable means to notify you, either through email and/or a prominent notice on the Services.
In aggregated form for business purposes. We may share aggregated, non-personally identifiable information publicly and with our partners such as business with have a relationship with, advertisers or connected sites. For example, we may share information to show trends about the general use of our services.</SUBTEXT>
    </SECTION>
    <SECTION>
        <SUBTITLE>Information security</SUBTITLE>
        <SUBTEXT>We work hard to protect our users from unauthorized access to or unauthorized alteration, disclosure or destruction of information we hold however not website is entirely secure. You should protect the account information in your possession as well.</SUBTEXT>
    </SECTION>
    <SECTION>
        <SUBTITLE>Third-Party Sites</SUBTITLE>
        <SUBTEXT>Our Privacy Policy does not apply to services offered by other companies or individuals, including products or sites that may be displayed to you on this site. We also do not control the privacy policies and your privacy settings on third-party sites, including social networks.</SUBTEXT>
    </SECTION>
    <SECTION>
        <SUBTITLE>Enforcement</SUBTITLE>
        <SUBTEXT>We regularly review our compliance with our Privacy Policy. When we receive formal written complaints, we will contact the person who made the complaint to follow up.</SUBTEXT>
    </SECTION>
    <SECTION>
        <SUBTITLE>Children Under 13</SUBTITLE>
        <SUBTEXT>Our site is not directed toward children under 13 and we will not knowingly collect information for any child under the age of 13. If you are the parent of a child under the age of 13 and have a concern regarding your childâ€™s information on our site, please contact us at support@mashable.com</SUBTEXT>
    </SECTION>
    <SECTION>
        <SUBTITLE>Our Services are Located in the United States</SUBTITLE>
        <SUBTEXT>Our website and associated services are hosted in the United States. If you are outside of the United States, your information will be processed and stored in the United States and you are consenting to such processing and storage.</SUBTEXT>
    </SECTION>
    <SECTION>
        <SUBTITLE>Changes</SUBTITLE>
        <SUBTEXT>Our Privacy Policy may change from time to time. We will post any privacy policy changes on this page and, if the changes are significant, we will provide a more prominent notice (including, for certain services, email notification of privacy policy changes).

This Privacy Policy was last updated on September 27, 2013.</SUBTEXT>
    </SECTION>
</POLICY>
