<POLICY modification_date="" policy_url="http://nationalreview.com/privacy" website_category="Society" website_index="054" website_url="nationalreview.com">
    <SECTION>
        <SUBTITLE />
        <SUBTEXT>Privacy Policy

To help you understand how information submitted will be treated when you log on to and use our web site, National Review Online (www.nationalreview.com) offers this Privacy Policy. Use of the nationalreview.com web site, and disclosure to us of your personal information, is optional and voluntary. By visiting nationalreview.com, you are accepting and agreeing to the practices described in this Policy. The following paragraphs describe the type of information nationalreview.com collects, the reasons why such information is collected, how such information is used and who has access to it.</SUBTEXT>
    </SECTION>
    <SECTION>
        <SUBTITLE>GENERAL PRINCIPLES</SUBTITLE>
        <SUBTEXT>Nationalreview.com's Privacy Policy may change from time to time without notice to you. You should read this Privacy Policy each time you plan to submit personally identifiable information so that you understand how the information you are submitting will be used.

Any changes made to the Privacy Policy will be prospective, not retroactive.

Nationalreview.com is not responsible for the information practices of third parties, although we take care to engage third party fulfillment processors, ad servers, survey companies and other support services that respect your privacy, preferences and data security needs.</SUBTEXT>
    </SECTION>
    <SECTION>
        <SUBTITLE>COLLECTION OF INFORMATION</SUBTITLE>
        <SUBTEXT>Nationalreview.com collects information that is provided voluntarily by visitors to our site. Certain identifying information, such as name, street address, city, state, zip code and email address, is gathered at certain interactive areas on the site, such as when you subscribe to our print or digital publication while online.</SUBTEXT>
    </SECTION>
    <SECTION>
        <SUBTITLE>SUBSCRIPTIONS</SUBTITLE>
        <SUBTEXT>You may use the web site to subscribe to the print or digital version of National Review by following the instructions for subscribing. All subscription-related information is collected from users on this site and stored by the magazine's fulfillment house, Palm Coast Data.</SUBTEXT>
    </SECTION>
    <SECTION>
        <SUBTITLE>SURVEYS</SUBTITLE>
        <SUBTEXT>From time to time nationalreview.com conducts voluntary user surveys to better target our content to our audience. We sometimes share the aggregated demographic information in these surveys with our advertisers for various purposes including promotions, contests and offers. We never share any of this survey information about specific individuals with any third party.</SUBTEXT>
    </SECTION>
    <SECTION>
        <SUBTITLE>COOKIES AND IP ADDRESSES</SUBTITLE>
        <SUBTEXT>As with most other websites, we collect and use the data contained in log files. The information in the log files include your IP (internet protocol) address, your ISP (internet service provider, such as AOL), the browser you used to visit our site (such as Internet Explorer or Firefox), the time you visited our site and which pages you visited throughout our site. Nationalreview.com may use data contained in log files to analyze trends, administer the site, track users' movement and gather broad demographic information for aggregate use.

We use advertising to help support our site. We allow third-party companies to serve ads and/or collect certain anonymous information when you visit our web site. These companies may use non-personally identifiable information (e.g., click stream information, browser type, time and date, subject of advertisements clicked or scrolled over) during your visits to this and other Web sites in order to provide advertisements about goods and services likely to be of greater interest to you. These companies typically use a cookie or third party web beacon to collect this information. To learn more about this behavioral advertising practice or to opt-out of this type of advertising, you can visit networkadvertising.org.

Some of these advertisers may use technology such as cookies and web beacons when they advertise on our site, which will also send these advertisers (such as Google through the Google AdSense program) information including your IP address, your ISP, the browser you used to visit our site, and in some cases, whether you have Flash installed. This is generally used for geo-targeting purposes or showing certain ads based on specific sites visited.</SUBTEXT>
    </SECTION>
    <SECTION>
        <SUBTITLE>USE OF THE INFORMATION COLLECTED</SUBTITLE>
        <SUBTEXT>Nationalreview.com creates aggregate reports on user demographics and traffic patterns for advertisers. This allows our advertisers to advertise more effectively, and allows our users to receive advertisements that are pertinent to their interests. Because nationalreview.com does not track the usage patterns of individual users, an advertiser will never know that a specific user clicked on a particular ad.

We also use tracking information to determine which areas of our site users like and do not like based on traffic to those areas.</SUBTEXT>
    </SECTION>
    <SECTION>
        <SUBTITLE>CREDIT CARD INFORMATION</SUBTITLE>
        <SUBTEXT>We comply with generally accepted industry standards in collecting and processing credit card information. However, nationalreview.com does not guarantee the safety of credit card information over the Internet.</SUBTEXT>
    </SECTION>
    <SECTION>
        <SUBTITLE>INFORMATION SHARING</SUBTITLE>
        <SUBTEXT>When you visit nationalreview.com and are asked to provide information about yourself, unless specifically stated otherwise in this Privacy Policy, you are sharing that information only with nationalreview.com. Nationalreview.com will not disclose the information you submit, except with our third party fulfillment vendors and except as otherwise described here, or when we believe in good faith that the law requires disclosure to protect the rights or property of nationalreview.com, or for administrative or other purposes we deem necessary to maintain or service our products and services. For example, we may allow access to our database by third parties that provide us with services, such as technical maintenance, but only for the purpose of and to the extent necessary to provide you with our services.

If you do not want your data to be shared, you may choose not to permit the data to be collected or transferred by not submitting personally identifiable information on our site, or by not using a particular service.</SUBTEXT>
    </SECTION>
    <SECTION>
        <SUBTITLE>NATIONALREVIEW.COM SECURITY MEASURES</SUBTITLE>
        <SUBTEXT>Nationalreview.com web site has technical and organizational security measures in place, including firewalls, to protect the information under our control from accidental or unlawful destruction or accidental loss, alteration, unauthorized disclosure, or access. Such measures do not guarantee prevention of loss, misuse, or alteration of information, however, so while we strive to protect your information, nationalreview.com cannot warrant the security of information you transmit to us, and you do so at your own risk.</SUBTEXT>
    </SECTION>
    <SECTION>
        <SUBTITLE>CHILDREN'S PRIVACY</SUBTITLE>
        <SUBTEXT>Nationalreview.com is intended for use by individuals over the age of 18. If you are under 18, please do not submit any personally identifiable information on our site. Children should always ask a parent or guardian for permission to send any personal information online to anyone.</SUBTEXT>
    </SECTION>
    <SECTION>
        <SUBTITLE>OTHER INFORMATION ABOUT YOUR PRIVACY</SUBTITLE>
        <SUBTEXT>Whenever you voluntarily disclose any information online in any forum, that information can be collected and used by others. In other words, if you post personal information online that may be accessed by the public, you may receive unsolicited messages from other parties. It is important to be responsible and careful whenever you are online.</SUBTEXT>
    </SECTION>
    <SECTION>
        <SUBTITLE>UPDATING, CORRECTING AND DELETING PERSONAL INFORMATION</SUBTITLE>
        <SUBTEXT>Users who subscribe to our print or digital publication, National Review, may correct or change online their subscription information. Users may change this information at any time and as often as necessary. Users who are experiencing problems with updating information, or who have any questions about how our services work, may contact us at nationalreview@emailcustomerservice.com

If you do not want your personally identifiable information to be shared, you can choose not to allow the transfer by letting us know by e-mailing, calling, or writing us (see addresses below). Similarly, please contact us at the same addresses if at any time you wish to review your personally identifiable information.

Currently, nationalreview.com does not offer users a means by which to completely delete personal information submitted while on this site.</SUBTEXT>
    </SECTION>
    <SECTION>
        <SUBTITLE>ADDITIONAL INFORMATION</SUBTITLE>
        <SUBTEXT>By using this web site, you signify your assent to this policy statement regarding online privacy. If you do not agree to this Privacy Policy, please do not use our web site. Moreover, your continued use of this web site after we post changes to the Privacy Policy will mean that you accept those changes. If you have any questions about this Privacy Policy, the practices of this web site, or your interaction with Nationalreview.com, you may contact us via mail, email, or the telephone number listed below.

National Review, Inc.
Privacy Policy
215 Lexington Avenue, 11th Floor
New York, NY 10016
Phone: 1.212.679.7330
E-mail: nationalreview@emailcustomerservice.com</SUBTEXT>
    </SECTION>
</POLICY>
