<POLICY modification_date="February 09, 2011" policy_url="http://patents.uspto.gov/privact.jsp" website_category="Health" website_index="012" website_url="patents.uspto.gov">
    <SECTION>
        <SUBTITLE />
        <SUBTEXT>Privacy Policy
Thank you for visiting the United States Patent and Trademark Office website and reviewing our privacy policy. Our privacy policy is simple: we collect no personal information about you when you visit our website unless you choose to provide that information to us.

Submitting personal information is voluntary. When you voluntarily submit information, it constitutes your consent to the use of the information for the purpose(s) stated at the time of collection. See the Privacy Act of 1974 (P.L. 93-579) for more information on your rights under the Privacy Act.  Except for the purposes described below, no other attempts are made to identify individual users while on the USPTO websites.  Here is how we handle information about your visit to our website:</SUBTEXT>
    </SECTION>
    <SECTION>
        <SUBTITLE>Information Collected and Stored Automatically</SUBTITLE>
        <SUBTEXT>The USPTO Web servers automatically collect and save the default information customarily logged by Web server software. Specifically, the date and time, the originating IP address, the object requested, and the completion status of the request is collected and saved for each http request received by the server.  We also use an authorized Google Analytics agent to collect comparable  information on our behalf.

On a monthly or more frequent basis, we review this information to determine the traffic through the servers in hits, the number of pages served, and the level of demand for pages of interest. We may also analyze accesses to particular pages to determine U.S. versus non-U.S. use, government agency versus private use, and other statistics that may be of value to us in establishing priorities and allocating resources in order to better accomplish our dissemination mission. Analysis of this information may also help identify problem areas of the website or to improve overall service.  Information is retained as long as necessary to perform useful analysis.

For site security purposes and to ensure that USPTO Web services remain available to all users, USPTO monitors network traffic to identify unauthorized attempts to upload or change information or otherwise cause damage. Unauthorized attempts to upload information or change information on this service are strictly prohibited and subject to prosecution under the Computer Fraud and Abuse Act of 1986 and Title 18 U.S.C. Sec.1001 and 1030. Information also may be used for authorized law enforcement investigations.</SUBTEXT>
    </SECTION>
    <SECTION>
        <SUBTITLE>Use of Cookies and Tracking Technology</SUBTITLE>
        <SUBTEXT>The Office of Management and Budget Memorandum M-10-22, Guidance for Online Use of Web Measurement and Customization Technologies defines conditions under which Federal agencies may use session and persistent cookies, and categorizes them in “tiers” to identify their characteristics. You may control permissions for cookies on this or any other website by adjusting your individual browser settings for customized privacy protection – see http://www.usa.gov/optout_instructions.shtml for helpful guidance.

Session cookies

Session cookies are also known as memory-resident cookies.  These cookies are not stored on your computer's hard drive, and are removed when you complete your session or exit the site. We use session cookies for some applications to improve their usability and ensure session integrity. No personal information is gathered.

USPTO sites and applications that use “Tier 1” session cookies include the subscription center and the customer satisfaction survey.  Our site-wide search is conducted through USA.gov, an external site, which also uses a session cookie.

Persistent cookies

Persistent cookies remain on your computer's hard drive after you complete an activity.  On www.uspto.gov, we use “Tier 2” persistent cookies to help us recognize new and returning visitors, but no personally-identifiable information is gathered.  If you block a persistent cookie, you are not prevented from using the USPTO website in any way.

We use persistent cookies in association with an authorized customer satisfaction survey conducted by a third party, ForeSee ResultsTM. If you are randomly selected to participate in this survey, a persistent cookie is stored on your computer's hard drive for 90 days to preclude a new invitation during that time.

We also use persistent cookies to enable the Google Analytics program to measure how new and returning visitors use the USPTO website over time.</SUBTEXT>
    </SECTION>
    <SECTION>
        <SUBTITLE>E-Mail</SUBTITLE>
        <SUBTEXT>E-mail submitted to USPTO is saved in accordance to Department of Commerce policy and NARA guidelines. If you choose to provide us with personal information in e-mail, we use that information to respond to your message and to help us get you the information you have requested. We do not collect personal information for any purpose other than to respond to you. We only share the information you give us with another government agency if your inquiry relates to that agency, or as otherwise required by law. Moreover, we do not store any personal information independent of the e-mail message, create individual profiles with the information you provide, or give it to any private organizations. We do not collect information for commercial marketing.

The USPTO may offer the use of third-party e-mail services as a convenience.  If you choose to use such a service, information about you may be independently collected by the third party.  USPTO will clearly note this distinction wherever the service is offered on its website and remind you that your participation is voluntary.</SUBTEXT>
    </SECTION>
    <SECTION>
        <SUBTITLE>Blog Comments</SUBTITLE>
        <SUBTEXT>If you choose to submit a blog comment, only personal information that you voluntarily provide as part of the comment will be revealed. All comments are moderated, and only those that comply with USPTO policy will be publicly posted. The USPTO will not edit or alter individual comments. If you simply visit a blog page, your visit will be recorded for statistical purposes, as for other areas of the website.</SUBTEXT>
    </SECTION>
    <SECTION>
        <SUBTITLE>Surveys</SUBTITLE>
        <SUBTEXT>While visiting www.uspto.gov, you may be asked to participate in a survey conducted by an authorized third party, ForeSee ResultsTM. This randomized survey is based on the American Customer Satisfaction Index (ACSI) and your participation is voluntary. No personal information is collected unless you choose to provide it as part of a comment or to complete the survey. Survey data is retained as long as needed to permit accurate analysis, produce summary reports, and monitor overall trends. If you choose not to participate in the survey, you are not prevented from using the USPTO website in any other way. If you wish to provide feedback without taking the survey, you may send e-mail directly to webmaster@uspto.gov. If you have an immediate concern, please refer to the Contact Us page on the USPTO website. See additional notes under “Use of Cookies and Tracking Technologies”, above.</SUBTEXT>
    </SECTION>
    <SECTION>
        <SUBTITLE>Kids Pages</SUBTITLE>
        <SUBTEXT>We are especially concerned about protecting the privacy of children. We hope parents and teachers are involved in children's Internet explorations. We respect the need to protect the identity of any children who participate in an Internet exhibition of their work. We do not request any information from children on the Kids Pages. We do, however, sometimes encourage them to participate in contests, but such participation is carried out through postal mail.</SUBTEXT>
    </SECTION>
    <SECTION>
        <SUBTITLE>Links to Other Sites</SUBTITLE>
        <SUBTEXT>Our Web pages may contain links to websites outside the USPTO, including those of other federal agencies, international sites, and private organizations. In some cases, USPTO may have an official presence on an external site that we've engaged to serve a specific function.  Be aware that whenever you follow a link to another site, you are subject to the privacy policy of that site.</SUBTEXT>
    </SECTION>
    <SECTION>
        <SUBTITLE>Privacy Act Systems of Records</SUBTITLE>
        <SUBTEXT>Where a USPTO website requests information that will be stored in a Privacy Act system of records, an individual Privacy Act Statement is provided. Should there ever be a need to use information for a purpose other than one already provided for under the Privacy Act, we will give you specific instructions on how you may consent to such use. You are never required to give such consent.

Information stored in any Privacy Act System of Records is handled as set forth in the applicable System of Records Notice in order to preserve its security and confidentiality. Privacy Act System of Records notices are available at: http://www.gpoaccess.gov/privacyact/index.html.

Access the USPTO Systems of Records Notices.</SUBTEXT>
    </SECTION>
    <SECTION>
        <SUBTITLE>Privacy Impact Assessments</SUBTITLE>
        <SUBTEXT>OMB Circular A-11, Exhibit 300 Privacy Impact Assessments</SUBTEXT>
    </SECTION>
    <SECTION>
        <SUBTITLE>To Our USPTO Customers</SUBTITLE>
        <SUBTEXT>Protect Yourself Against Identity Theft!

When filing documentation in support of applications or petitions, please take steps to protect all personal information. "Personal information" includes social security, credit card, and bank account numbers. To support a petition or application, the USPTO never requires this type of personal data within the body of the petition or application. To protect your privacy, you should delete such information from any documentation that you send to the Office except when submitting the USPTO Credit Card Payment Form (PTO-2038). If using a USPTO electronic form where a fee is required, take care to enter the payment information (such as a credit card number) only in the specific secure payment portion of the form.

Patent and trademark public data is available directly through the USPTO website, including in bulk format.  As public data, it may be disseminated from other websites as well.

All patent application files are published and made available to the public 18 months from the filing date, unless the application includes a non-publication request. (See MPEP Sections 724. 02-724.06 for details on making a non-publication request.) Also, all patent application files will become available to the public upon the grant of the patent. For patents, if you have questions about what information may be published and how to remove the material from documents you plan to submit to the USPTO, please call the Inventors Assistance Center at 1-800-786-9199 or 571-272-1000.

Trademark applications are available to the public within a week of their submission. For questions about public information on Trademark applications, please refer to the filing instructions or contact the Trademark Assistance Center at 1-800-786-9199 or via e-mail at TrademarkAssistanceCenter@uspto.gov.



[Change History]

12/7/2010  - updated information concerning persistent cookies, external sites, and surveys.
2/9/2011  - added information related to the use of Google Analytics and external sites.</SUBTEXT>
    </SECTION>
</POLICY>
