<POLICY modification_date="" policy_url="http://php.net/privacy.php" website_category="Computers" website_index="072" website_url="php.net">
    <SECTION>
        <SUBTITLE />
        <SUBTEXT>Privacy Policy

This privacy policy covers php.net and its associated mirrors.</SUBTEXT>
    </SECTION>
    <SECTION>
        <SUBTITLE>Email</SUBTITLE>
        <SUBTEXT>We will not give away your email address to anyone, who is not related to the operations of php.net. We will also never ask you to send us any of your passwords via email.</SUBTEXT>
    </SECTION>
    <SECTION>
        <SUBTITLE>Logfiles</SUBTITLE>
        <SUBTEXT>Most mirrors maintain standard logs of the requests that reach the web servers, but we do only use those files for statistical purposes.

And to improve your search experience, we store anonymised search terms that are submitted to the site.</SUBTEXT>
    </SECTION>
    <SECTION>
        <SUBTITLE>Cookies</SUBTITLE>
        <SUBTEXT>php.net uses cookies to keep track of user preferences. Unless you login on the site, the cookies will not be used to store personal information and we do not give away the information from the cookies.</SUBTEXT>
    </SECTION>
</POLICY>
