<POLICY modification_date="April 01, 2009" policy_url="https://security.berkeley.edu/content/privacy-statement-uc-berkeley-websites?destination=node/209" website_category="Science" website_index="018" website_url="berkeley.edu">
    <SECTION>
        <SUBTITLE />
        <SUBTEXT>Privacy Statement for UC Berkeley Websites
Policy
Related Guidelines
Effective Date:  April 2009
For questions about this policy, contact: itpolicy@berkeley.edu</SUBTEXT>
    </SECTION>
    <SECTION>
        <SUBTITLE>Policy</SUBTITLE>
        <SUBTEXT>The University of California, Berkeley is committed to protecting the privacy and accuracy of your confidential information to the extent possible, subject to provisions of state and federal law. Other than as required by laws that guarantee public access to certain types of information, or in response to subpoenas or other legal instruments that authorize access, personally-identifiable information is not actively shared. In particular, we do not re-distribute or sell personal information collected on our web servers.</SUBTEXT>
    </SECTION>
    <SECTION>
        <SUBTITLE>Information collected</SUBTITLE>
        <SUBTEXT>UC Berkeley websites may collect personal information such as name, address, e-mail address, telephone number(s), and/or educational interests. Such personal information may be requested by us for research, public service or teaching programs, or for administrative purposes. Additional personal information, such as credit card account information, may be requested for purchases or enrollment purposes.
Web servers typically collect, at least temporarily, the following information: Internet Protocol (IP) address of computer being used; web pages requested; referring web page; browser used; date and time. UC Berkeley may collect statistics identifying particular IP addresses from which our websites are accessed.</SUBTEXT>
    </SECTION>
    <SECTION>
        <SUBTITLE>Use of collected information</SUBTITLE>
        <SUBTEXT>UC Berkeley may use personal information collected from websites for the purpose of future communication back to online enrollees, in order to keep you informed of such activities as campus programs, symposia and/or special events, but only if you are provided the opportunity to opt out of that type of use.
UC Berkeley may use browser-IP-address information and anonymous-browser history to report information about site accesses and for profiling purposes. This information is generally used to improve Web presentation and utilization. The campus also may use IP address information for troubleshooting purposes.
Some UC Berkeley online activity sites may use "cookies" in order to deliver web content specific to individual users' interests or to keep track of online purchasing transactions. Sensitive personal information is not stored within cookies.</SUBTEXT>
    </SECTION>
    <SECTION>
        <SUBTITLE>Distribution of collected information</SUBTITLE>
        <SUBTEXT>UC Berkeley will not disclose, without your consent, personal information collected about you, except for certain explicit circumstances in which disclosure is required by law.
UC Berkeley will not distribute or sell personal information to third-party organizations.</SUBTEXT>
    </SECTION>
    <SECTION>
        <SUBTITLE>Individual choice</SUBTITLE>
        <SUBTEXT>Individuals who wish to use methods other than online enrollment may submit requests by email or U.S. mail addressed to the UC Berkeley organization responsible for the website.</SUBTEXT>
    </SECTION>
    <SECTION>
        <SUBTITLE>Access to own information</SUBTITLE>
        <SUBTEXT>Questions regarding users' rights to review, modify or delete their previously provided personal information should be directed to the campus organization to which they provided the information. Any disputes will be resolved under existing records regulations applicable to UC Berkeley.</SUBTEXT>
    </SECTION>
    <SECTION>
        <SUBTITLE>Additional Information</SUBTITLE>
        <SUBTEXT>For more detailed information about requirements for campus online activities see the e-Berkeley Policy section on Privacy and Confidentiality of Information.</SUBTEXT>
    </SECTION>
    <SECTION>
        <SUBTITLE>Responsibility for external sites</SUBTITLE>
        <SUBTEXT>UC Berkeley does not control the content or information practices of external organizations. We recommend you review the privacy statements of these organizations.</SUBTEXT>
    </SECTION>
</POLICY>
