<POLICY modification_date="" policy_url="http://service.prweb.com/misc/privacy-policy/" website_category="News" website_index="042" website_url="prweb.com">
    <SECTION>
        <SUBTITLE />
        <SUBTEXT>This is the website of Vocus PRW Holdings, LLC d/b/a PRWeb ("PRWeb").

Our postal address is
Vocus PRW Holdings, LLC
12051 Indian Creek Ct.
Beltsville, MD 20705

PRWeb takes privacy seriously. As a pioneer of online visibility and search engine optimized press release distribution services, we are committed to establishing and maintaining policies and procedures which protect the privacy of personal information gathered from our customers, prospects and other visitors to our website.

PRWeb is a newswire service which distributes press releases on behalf of our users. If you decide to submit a press release for distribution through our system we will transmit your entire press release including any personal information therein contained to our media contacts and online distribution points including search engines. This is the only redistribution of your information that we engage in. Your submission of press releases through our system indicates consent with this policy.

This Policy applies to all of the products, services and websites offered by PRWeb.

If you have any questions about this privacy statement or the practices of this site, you may contact us at https://console.prweb.com/prweb/support/index.php. In order for PRWeb to take the appropriate action please describe in reasonable detail the nature of your request or inquiry.</SUBTEXT>
    </SECTION>
    <SECTION>
        <SUBTITLE>Collected Information:</SUBTITLE>
        <SUBTEXT>We do not share user information with any third parties other than via press release distribution as described above.</SUBTEXT>
    </SECTION>
    <SECTION>
        <SUBTITLE>Cookies:</SUBTITLE>
        <SUBTEXT>PRWeb may use "cookie" technology to track or record information about our website visitors. PRWeb requires the use of "cookie" technology so that we can guarantee we'll present the correct information to users as they move from screen to screen. PRWeb users who disable their web browser's ability to accept cookies may not be able to successfully use our service.</SUBTEXT>
    </SECTION>
    <SECTION>
        <SUBTITLE>Changes to Personal Information:</SUBTITLE>
        <SUBTEXT>Upon request we provide site visitors with access to information that we have collected and that we maintain about them. Consumers can access this information by logging into their account.</SUBTEXT>
    </SECTION>
    <SECTION>
        <SUBTITLE>Third-Party Sites:</SUBTITLE>
        <SUBTEXT>The site contains links to other websites. PRWeb is not responsible for the privacy practices or the content of these sites. You will need to check the policy statement of other websites to understand their policies. Customers and visitors who access a linked site may be disclosing their private information. It is the responsibility of the user to keep such information private and confidential.</SUBTEXT>
    </SECTION>
    <SECTION>
        <SUBTITLE>Security:</SUBTITLE>
        <SUBTEXT>With respect to security, we employ industry-standard encryption technologies when transferring and receiving user data exchanged with our site. We have appropriate security measures in place in our physical facilities to protect against the loss, misuse or alteration of information that we have collected from you at our site. We do not store credit card information in our systems.</SUBTEXT>
    </SECTION>
    <SECTION>
        <SUBTITLE>Changes to Privacy Statement:</SUBTITLE>
        <SUBTEXT>From time to time, we may use customer information for new, unanticipated uses not previously disclosed in our privacy notice. If our information practices change in the future, we will post the policy changes to our website to notify you and provide you with the ability to opt out of these new uses. To keep up-to-date with PRWeb™'s policy, please check this page periodically.</SUBTEXT>
    </SECTION>
    <SECTION>
        <SUBTITLE>Contacting the Website:</SUBTITLE>
        <SUBTEXT>If you feel that this site is not following its stated information policy, you may contact us by sending us an email at http://service.prweb.com/contact-us/.</SUBTEXT>
    </SECTION>
</POLICY>
