<POLICY modification_date="March 24, 2013" policy_url="http://shabdkosh.com/terms" website_category="Reference" website_index="047" website_url="shabdkosh.com">
    <SECTION>
        <SUBTITLE>Shabdkosh Windows 8 App Privacy Policy</SUBTITLE>
        <SUBTEXT>The Shabdkosh Windows 8 app (the “app”) transmits information about users such as their IP address, their access and time of such access of Shabdkosh.com online dictionary or locally installed data/files. The server(s) from which such services are provided may also record the queries searched. The search queries, frequency of searches and the user agent activity is monitored to detect systematic copying of content, which is considered violation of copyright.

At no time and under no circumstance is any available personally identifiable information of the users (registered or otherwise) is shared with 3rd parties for commercial or non-commercial purposes.

We may use third-party advertising companies to serve ads when you use the app. These companies may use information (not including your name, address, email address, or telephone number) about your visits to this and other websites in order to provide advertisements about goods and services of interest to you. If you would like more information about this practice and to know your choices about not having this information used by these companies, visit Google ad and content network privacy policy.

Specifically, Google, as a third party vendor, uses cookies to serve ads on this site. Google's use of the DART cookie enables it to serve ads to the users of this site based on their visit to this site and other sites on the Internet. You may opt out of the use of the DART cookie by visiting the Google ad and content network privacy policy.

The app also provides advertising from Microsoft Advertising program. Please refer to https://choice.microsoft.com for Microsoft Corporation's privacy policy for the advertisements you may see in this app.</SUBTEXT>
    </SECTION>
    <SECTION>
        <SUBTITLE>Trademark</SUBTITLE>
        <SUBTEXT>The trademarks, logos, and service marks (collectively the “Trademarks”) displayed on shabdkosh.com, shabdkosh.in and m.shabdkosh.com (Web Site) are registered and unregistered trademarks of its affiliates and others. You can view trademarks owned related to this Web Site by on Trademarkia at this link: http://www.trademarkia.com/shabdkosh-85513305.html Nothi.ng contained on this Web Site should be construed as granting, by implication, estoppel, or otherwise, any license or right to use any Trademark displayed on this Web Site without the written permission of or such third party that may own the trademark displayed on this Web Site. Your misuse of the Trademarks displayed on this Web Site, or any other content on this Web Site, except as provided herein, is strictly prohibited.</SUBTEXT>
    </SECTION>
    <SECTION>
        <SUBTITLE>Links to Third Party Sites</SUBTITLE>
        <SUBTEXT>This Web site contains links to other Web sites which are not under the control of and are not maintained by the owners of the Web site. No responsibility is accepted for the content of those sites. These links are provided for your convenience only, and the material on these sites is not necessarily endorsed.</SUBTEXT>
    </SECTION>
    <SECTION>
        <SUBTITLE>Disclaimer of Liability</SUBTITLE>
        <SUBTEXT>Great efforts are made to ensure the accuracy of the information on this Web site, but this does not guarantee that there are no errors. The documents and information provided on this Web site may contain technical inaccuracies and typographical errors. The information provided may at times be out of date or inaccurate. The content of this website may be modified without notice. No claims, promises or warranties, express or implied, are made about the accuracy, completeness or fitness for purpose of any material on this Web site. No claims, promises or warranties, express or implied, are made about the reliability of the access to this Web site. No liability of any description is accepted, including liability for negligence, for any direct, indirect, special or consequential damages or losses (including but not limited to loss of business, revenue, profits, or consequential loss) resulting from the use of or the inability to use this Web site. Liability for errors and omissions in the contents of this Web site is expressly disclaimed. No liability is accepted for any failure to keep the information in these documents up-to-date, and no responsibility is accepted for keeping the information in these documents up-to-date. The material in this Web site does not constitute advice and you should not rely on any material in this Web site to make (or refrain from making) any decision or take (or refrain from taking) any action. Nothing that can have an adverse effect on the User</SUBTEXT>
    </SECTION>
    <SECTION>
        <SUBTITLE>Shabdkosh.com Website Privacy Policy</SUBTITLE>
        <SUBTEXT>The http://www.shabdkosh.com web site or its alternative website such as m.shabdkosh.com (the “web site”) records information about registered users such as their username, password, email, their activities on the user forums and messages sent to owners of the website and to other users. This web site also records the IP address and/or username of users that contribute/vote or use the contribute system in the collaborative dictionary. The server(s) on which this web site is hosted also records the IP address and surfing activity (including but not limited to the queries searches in the dictionary). The search queries, frequency of searches and the user agent (browser, automated browsing software, spiders) activity is monitored to detect systematic copying of content (which is considered violation of copyright). At no time and under no circumstance is any available personally identifiable information of the users (registered or otherwise) is shared with 3rd parties for commercial gain.

We use third-party advertising companies to serve ads when you visit our website. These companies may use information (not including your name, address, email address, or telephone number) about your visits to this and other websites in order to provide advertisements about goods and services of interest to you. If you would like more information about this practice and to know your choices about not having this information used by these companies, visit Google ad and content network privacy policy.

Specifically, Google, as a third party vendor, uses cookies to serve ads on this site. Google's use of the DART cookie enables it to serve ads to the users of this site based on their visit to this site and other sites on the Internet. You may opt out of the use of the DART cookie by visiting the Google ad and content network privacy policy.</SUBTEXT>
    </SECTION>
    <SECTION>
        <SUBTITLE>Copyright</SUBTITLE>
        <SUBTEXT>Unless otherwise specified, the copyright in the contents of all of the documents on this Web site is owned by the owner(s) of the domains of the Web site and all rights are reserved. Title to copyright in the contents of all of the documents on this Web site will at all times remain with the copyright owner. Users are permitted to copy some material for their personal use as private individuals only. No part of the data is to be republished either on another Web site or in any other medium, print, electronic or otherwise, or as part of any commercial service, without the prior written permission of the copyright owner. If you require any further information on permitted use, then please use the contact form.</SUBTEXT>
    </SECTION>
    <SECTION>
        <SUBTITLE>Terms of Use</SUBTITLE>
        <SUBTEXT>These terms and conditions (the ‘Terms') govern your use of any or all of the documents that comprise the Web sites known as shabdkosh.com and/or shabdkosh.org (the “Web site”). Please read through the Terms. If you do not agree with the Terms, then do not use the Web site. If you do use the Web site, then your use indicates that you agree to be bound by the Terms. Changes may be made in these terms and conditions at any time and without notice; users are bound by such revisions and should therefore visit this page periodically to review the current Terms and Conditions.</SUBTEXT>
    </SECTION>
</POLICY>
