<POLICY modification_date="August 09, 2012" policy_url="http://shareasale.com/PrivacyPolicy.pdf" website_category="Business" website_index="033" website_url="shareasale.com">
    <SECTION>
        <SUBTITLE />
        <SUBTEXT>PRIVACY POLICY

Protecting your private information is our priority. This Statement of Privacy applies to
the www.shareasale.com and ShareASale.com, Inc. and governs data collection and
usage. For the purposes of this Privacy Policy, unless otherwise noted, all references to
ShareASale.com, Inc. include www.shareasale.com and ShareASale. The ShareASale
website operates as an Affiliate Network Provider. By using the ShareASale website, you
consent to the data practices described in this statement.</SUBTEXT>
    </SECTION>
    <SECTION>
        <SUBTITLE>Collection of your Personal Information</SUBTITLE>
        <SUBTEXT>ShareASale may collect personally identifiable information, such as your name. We may
gather additional personal or non-personal information in the future. Information about
your computer hardware and software may be automatically collected by ShareASale.

This information can include: your IP address, browser type, domain names, access
times and referring website addresses. This information is used for the operation of the
service, to maintain quality of the service, and to provide general statistics regarding use
of the ShareASale website.

Please keep in mind that if you directly disclose personally identifiable information or
personally sensitive data through ShareASale's public message boards, this information
may be collected and used by others. ShareASale encourages you to review the privacy
statements of websites you choose to link to from ShareASale so that you can understand
how those websites collect, use and share your information. ShareASale is not
responsible for the privacy statements or other content on websites outside of the
ShareASale website.</SUBTEXT>
    </SECTION>
    <SECTION>
        <SUBTITLE>Use of your Personal Information</SUBTITLE>
        <SUBTEXT>ShareASale collects and uses your personal information to operate its website(s) and
deliver the services you have requested.

ShareASale may also use your personally identifiable information to inform you of other
products or services available from ShareASale and its affiliates. ShareASale may also
contact you via surveys to conduct research about your opinion of current services or of
potential new services that may be offered.
ShareASale does not sell, rent or lease its customer lists to third parties.
ShareASale may share data with trusted partners to help perform statistical analysis, send
you email or postal mail, provide customer support, or arrange for deliveries. All such
third parties are prohibited from using your personal information except to provide these
services to ShareASale, and they are required to maintain the confidentiality of your
information.
ShareASale will disclose your personal information, without notice, only if required to do
so by law or in the good faith belief that such action is necessary to: (a) conform to the
edicts of the law or comply with legal process served on ShareASale or the site; (b)
protect and defend the rights or property of ShareASale; and, (c) act under exigent
circumstances to protect the personal safety of users of ShareASale, or the public.</SUBTEXT>
    </SECTION>
    <SECTION>
        <SUBTITLE>Use of Cookies</SUBTITLE>
        <SUBTEXT>The ShareASale website may use "cookies" to help you personalize your online
experience. A cookie is a text file that is placed on your hard disk by a web page server.
Cookies cannot be used to run programs or deliver viruses to your computer. Cookies are
uniquely assigned to you, and can only be read by a web server in the domain that issued
the cookie to you.

One of the primary purposes of cookies is to provide a convenience feature to save you
time. The purpose of a cookie is to tell the Web server that you have returned to a
specific page. For example, if you personalize ShareASale pages, or register with
ShareASale site or services, a cookie helps ShareASale to recall your specific
information on subsequent visits. This simplifies the process of recording your personal
information, such as billing addresses, shipping addresses, and so on. When you return to
the same ShareASale website, the information you previously provided can be retrieved,
so you can easily use the ShareASale features that you customized.

You have the ability to accept or decline cookies. Most Web browsers automatically
accept cookies, but you can usually modify your browser setting to decline cookies if you
prefer. If you choose to decline cookies, you may not be able to fully experience the
interactive features of the ShareASale services or websites you visit.</SUBTEXT>
    </SECTION>
    <SECTION>
        <SUBTITLE>Security of your Personal Information</SUBTITLE>
        <SUBTEXT>ShareASale secures your personal information from unauthorized access, use or
disclosure. When personal information (such as a credit card number) is transmitted to
other websites, it is protected through the use of encryption, such as the Secure Sockets
Layer (SSL) protocol.</SUBTEXT>
    </SECTION>
    <SECTION>
        <SUBTITLE>Children Under Thirteen</SUBTITLE>
        <SUBTEXT>ShareASale does not knowingly collect personally identifiable information from children
under the age of thirteen. If you are under the age of thirteen, you must ask your parent or
guardian for permission to use this website.</SUBTEXT>
    </SECTION>
    <SECTION>
        <SUBTITLE>Opt-Out &amp; Unsubscribe</SUBTITLE>
        <SUBTEXT>We respect your privacy and give you an opportunity to opt-out of receiving
announcements of certain information. Users may opt-out of receiving any or all
communications from ShareASale by contacting us.</SUBTEXT>
    </SECTION>
    <SECTION>
        <SUBTITLE>Changes to this Statement</SUBTITLE>
        <SUBTEXT>ShareASale will occasionally update this Statement of Privacy to reflect company and
customer feedback. ShareASale encourages you to periodically review this Statement to
be informed of how ShareASale is protecting your information.</SUBTEXT>
    </SECTION>
    <SECTION>
        <SUBTITLE>Contact Information</SUBTITLE>
        <SUBTEXT>ShareASale welcomes your questions or comments regarding this Statement of Privacy.
If you believe that ShareASale has not adhered to this Statement, please contact

ShareASale at:
ShareASale.com, Inc.
15 W. Hubbard STE 500
Chicago, Illinois 60654
Email Address:
shareasale@shareasale.com
Telephone number:
3123210487
Effective as of August 09, 2012</SUBTEXT>
    </SECTION>
</POLICY>
