<POLICY modification_date="August 01, 2012" policy_url="http://store.steampowered.com/privacy_agreement/" website_category="Games" website_index="002" website_url="steampowered.com">
    <SECTION>
        <SUBTITLE />
        <SUBTEXT>Valve® Corporation and Valve S.A.R.L (collectively, “Valve”) respect the privacy of its online visitors and users of its products and services. Valve recognizes the importance of protecting information collected from users and has adopted this privacy policy to inform users about how Valve gathers, stores, and uses information derived from their use of Valve products, services and online sites.

This policy is current as of its last revision date. However, please note that this policy may be amended from time to time to reflect changes and additions to the privacy policy. Please check back for the most current version before relying on any of the provisions in this privacy policy.</SUBTEXT>
    </SECTION>
    <SECTION>
        <SUBTITLE>Collection of Information</SUBTITLE>
        <SUBTEXT>By using Valve's online sites, products, and services, users agree that Valve may collect personally identifiable information (as defined below). Valve will not share personally identifiable information with other parties except as described in this policy. Valve may also collect aggregate information and individual information. "Aggregate information" is information that describes the habits, usage patterns, and demographics of users as a group but does not describe or reveal the identity of any particular user. "Individual information" is information about a user or user's machine that is presented in a form distinguishable from information relating to other users but not in a form that personally identifies any user or enables the recipient to communicate directly with any user. Valve may share aggregate and individual information with other parties without restriction.</SUBTEXT>
    </SECTION>
    <SECTION>
        <SUBTITLE>Personally Identifiable Information</SUBTITLE>
        <SUBTEXT>"Personally identifiable information" is information that can be used to uniquely identify a user, such as name, address or credit card number. You may be asked to provide personally identifiable information in connection with the use of Valve's products, services and online sites. While Valve collects personally identifiable information on a voluntary basis, for certain products and services Valve's collection of personally identifiable information may be a requirement for access to the product or service or to process a user's order.</SUBTEXT>
    </SECTION>
    <SECTION>
        <SUBTITLE>Use of Personally Identifiable Information</SUBTITLE>
        <SUBTEXT>Personally identifiable information is used internally by Valve to develop, deliver and improve our products,content and services. In addition, Valve may allow third parties performing services under contract with Valve, such as order or payment processors or merchandise warehouse and fulfillment services, to access and use personally identifiable information, but only to the extent necessary to provide those services.

Valve will not share personally identifying information with third parties for marketing purposes. Valve may use personally identifying information provided by users to send information about Valve, including news about product updates, contests, events, and other promotional materials, but only if the users agree to receive such communications.

In some situations, personally identifiable information that users input in connection with their use of Steam may be available to other users of Steam. For example, during the creation of a Steam account, Valve collects a user's email address and username, and at the user's option, first and last name. Some of this information is searchable and available to other users within Steam. Valve has no obligation to keep private personally identifiable information that a user makes available to other users via Steam or other Valve software, such as in multiplayer chat or other public functions.

External websites and companies with links to and from Valve's online sites and products may collect personally identifiable information about users. Third party publishers may also collect personally identifiable information as a requirement of accessing their games or content. Valve's privacy policy does not extend to these external websites and companies or third party publishers. Please refer directly to these companies and websites regarding their privacy policies.

Valve may release personally identifiable information to comply with court orders or laws that require us to disclose such information. In the event of a reorganization, sale or merger we may transfer personally identifiable information to the relevant third party.</SUBTEXT>
    </SECTION>
    <SECTION>
        <SUBTITLE>Children Under The Age of 13</SUBTITLE>
        <SUBTEXT>Valve will not knowingly collect personally identifiable information from any person age 12 and under. Valve encourages parents to instruct their children to never give out personal information when online. Parents who are concerned about the transfer of personal information from their children may contact us.</SUBTEXT>
    </SECTION>
    <SECTION>
        <SUBTITLE>Cookies and Other Information on a User's Machine</SUBTITLE>
        <SUBTEXT>Valve's products, services and sites may employ cookies and other technologies such as web beacons and pixel tags. Cookies are bits of electronic information that can be transferred to a user's hard drive to customize a person's use of a product or online site, keep records of a user's access to an online site or product, or store information needed by the user on a regular basis. Use of cookies is typically associated with websites. For example, when you sign in to Steam, Valve stores your user id and a combination of your IP address and time of login as a cookie on your hard drive. This cookie allows you to move from page to page without having to sign in again on each page. Similarly, if you enter information during your session, such as age verification data, this will be stored as a cookie and you will not have to re-enter such information during that session. We may also use third party web site analytic tools that employ cookies to collect certain non-personally identifiable information concerning use of our websites, such as referring web site addresses, page views and browser types.

Valve also stores information on a user's hard drive that is used in conjunction with use of Valve's products and services. This includes a unique authorization key or CD-Key that is either entered by the user or downloaded automatically during product registration. This authorization key is used to identify a user as valid and allow access to Valve's products, services and third party games.

Information regarding Steam billing, a user's Steam account, a user's Internet connection and the Valve software installed on a user's computer is uploaded to the server in connection with the user's use of Steam and Valve software. Valve software automatically generates and submits to Valve bug reports upon a crash or other fault in the Valve software, services or Steam games. This automatically generated bug report information may include information about other software or hardware on a user's system. Valve does not associate and store the automatically generated bug report information with personally identifiable information. Any bug reporting information manually submitted by users (e.g. through Valve's Bug Reporter form) is associated and stored with personally identifiable information.</SUBTEXT>
    </SECTION>
    <SECTION>
        <SUBTITLE>Chat Forums, Etc</SUBTITLE>
        <SUBTEXT>Valve's products or services may provide chat, forums, bulletin boards, or instant messaging tools to users. Any information that is disclosed in chat, forums or bulletin boards should be considered public information, and users who message one another may not know each other personally. Valve has no obligation to keep private personally identifiable information that a user makes available to other users or the public using these functions. Users should exercise caution when deciding to disclose personal information in public forums. Users should also be aware that game play information disclosed during multiplayer game play (e.g. player name and current player statistics) is public information and may be displayed to other users.</SUBTEXT>
    </SECTION>
    <SECTION>
        <SUBTITLE>Choice/Opt-out</SUBTITLE>
        <SUBTEXT>Valve gives users the option to receive promotional email communications from Valve. Users may opt out of these communications. Instructions for discontinuing receipt of promotional email communications from Valve will be provided in email communications to users.</SUBTEXT>
    </SECTION>
    <SECTION>
        <SUBTITLE>Storage and Security of Personally Identifiable Information</SUBTITLE>
        <SUBTEXT>Personally identifiable information provided to Valve by customers in the EU is controlled by Valve S.a.r.l, with place of business set out below. Valve Corporation acts as the data processor on behalf of Valve S.a.r.l. Personally identifiable information provided to Valve will be collected, processed and stored by Valve Corporation in the United States. Valve has taken reasonable steps to protect the information users share with us, including, but not limited to, setup of processes, equipment and software to avoid unauthorized access or disclosure of this information. Valve Corporation complies with the Safe Harbor framework developed by the U.S. Department of Commerce and the European Union relating to the transfer and processing of personally identifiable information. For more information about the Safe Harbor program or to view Valve's certification visit http://export.gov/safeharbor/eu/eg_main_018476.asp.</SUBTEXT>
    </SECTION>
    <SECTION>
        <SUBTITLE>Corrections, Updates and Removal of Personally Identifiable Information</SUBTITLE>
        <SUBTEXT>If you are concerned about the accuracy of personally identifiable information maintained by Valve or wish to review, access, amend or correct it, or would like your personally identifiable information removed from Valve's records or otherwise deactivated, please contact us here. We may decline requests that are unreasonably repetitive, require disproportionate technical effort, jeopardize the privacy of others, or are extremely impractical.</SUBTEXT>
    </SECTION>
    <SECTION>
        <SUBTITLE>Contacting Valve</SUBTITLE>
        <SUBTEXT>If you have any questions or complaints about this privacy policy, or the privacy practices of Valve, please contact us here. You may also contact Valve Corp. or Valve S.a.r.l. at the addresses below.
Valve Corporation
P.O. Box 1688
Bellevue, WA 98004

Valve S.a.r.l.
Regus City Center Suite 227
26 Boulevard Royal
L-2449 Luxembourg

Revision Date: August 1, 2012</SUBTEXT>
    </SECTION>
</POLICY>
