<POLICY modification_date="January 04, 2011" policy_url="http://variety.com/static-pages/privacy-policy/" website_category="Arts" website_index="092" website_url="variety.com">
    <SECTION>
        <SUBTITLE />
        <SUBTEXT>Privacy Policy
Effective: January 4, 2011

PMC is committed to protecting your privacy and maintaining a safe online experience for all of our users and customers while providing a quality user experience. Because we gather certain types of information about and from you, our users and customers, in order to fulfill your requests and better serve your needs, you should fully understand the terms and conditions surrounding the collection and use of this information. This Privacy Policy discloses what information we gather, how we use it, how to correct or change it, and what steps we take to safeguard personal information provided to us both online and offline. Please read the complete Privacy Policy below, as well as our User Agreement, and contact us if you have any questions.</SUBTEXT>
    </SECTION>
    <SECTION>
        <SUBTITLE>Cookies</SUBTITLE>
        <SUBTEXT>We use third-party companies to serve ads and/or collect information when you visit our Web site. These companies may use information (not including your name, address, email address or telephone number)å about your visits to our Web site in order to provide advertisements on our Web site, other sites and other forms of media about goods and services that may be of interest to you. They may also use this information to track the effectiveness of those ads. If you would like more information about this practice and to know your choices about not having this information used by these companies, please go to http://www.networkadvertising.org/optout_nonppii.asp.

Links: Be aware that when you click on ad banners, you may be redirected to other sites not operated by PMC. You are responsible for information that you provide to these sites. We recommend that you review the privacy policy of any site that requests personal information. Note that this policy does not cover the privacy practices of these linked sites.

General Information Collected: When visiting our site, some general information is collected including: IP address (your computer's unique signature) Operating system (e.g., Windows 95) Browser software (e.g., Microsoft Internet Explorer, Netscape) Internet Service Provider (e.g., Earthlink, Verizon).

The information we collect is aggregated to reflect the population as a whole rather than focused on individuals. We use it to help us better understand the people who visit our Web Site and to continually improve our products and services. In addition, like many other sites with paid advertising, we disclose some of this non- personally identifiable, aggregate information to advertisers to inform them of the number of people who have seen and clicked on their advertisements.</SUBTEXT>
    </SECTION>
    <SECTION>
        <SUBTITLE>Third Party Service Providers</SUBTITLE>
        <SUBTEXT>Agents and affiliates of PMC may occasionally process individual user data as required to provide services for which the user has registered. However, they are not allowed to use this information for any other purpose. All individual user data is owned and controlled by PMC.
From time to time we partner with third party service providers to offer additional products and services within the Web Site. To participate in these offerings, you may be asked to provide personal information and agree to terms and conditions relating to the third party service provider. Such requests for information will be displayed and requested by the third party in a straightforward manner with explanation as to whose privacy statement governs the collection of such information.</SUBTEXT>
    </SECTION>
    <SECTION>
        <SUBTITLE>Personal Information</SUBTITLE>
        <SUBTEXT>It is the responsibility of each user to provide PMC with accurate information at all times. Personal information collected during the account registration process includes: name, street address, city, state, zip code, country, age, gender as well as an alternate email address (optional). Payment information will also be collected if users have registered for a premium account.</SUBTEXT>
    </SECTION>
    <SECTION>
        <SUBTITLE>Changes to our Privacy Policy</SUBTITLE>
        <SUBTEXT>We will occasionally update this Privacy Policy as necessary to protect our users and to comply with best practices employed by other publishers and regulatory organizations across the industry. We recommend that you check the Privacy Policy when you visit our Web Site to be sure that you are aware of and understand our current policy. If we make material changes to this policy, or in how we use or collect your personally identifiable information, we will prominently post such changes prior to implementing the change. We will not make any retroactive material changes in how we handle previously collected personal information unless you allow us to do so, or unless we are legally required to do so, and in such a case we will e-mail registered Web Site visitors information on material changes to this Privacy Policy.</SUBTEXT>
    </SECTION>
    <SECTION>
        <SUBTITLE>Your California Privacy Rights</SUBTITLE>
        <SUBTEXT>Under California Civil Code sections 1798.83-1798.84, California residents are entitled to ask us for a notice describing what categories of personal customer information PMC shares with third parties or corporate affiliates for those third parties or corporate affiliates' direct marketing purposes. That notice will identify the categories of information shared and will include a list of the third parties and affiliates with which it was shared, along with their names and addresses. If you are a California resident and would like a copy of this notice, please submit a written request to the following address: PMC, 9800 South La Cienega Blvd., Los Angeles, CA 90301. In your request, please specify that you want a “PMC California Privacy Rights Notice”. Please allow at least 30 days for a response.</SUBTEXT>
    </SECTION>
    <SECTION>
        <SUBTITLE>Questions</SUBTITLE>
        <SUBTEXT>For any questions or comments concerning PMC's privacy policy, please write to:
PrivacyDirector@pmc.com
Or send a letter to:
9800 South La Cienega Blvd.
Los Angeles, CA 90301
(310) 321-5000
Law Enforcement inquiries can be directed to LegalCompliance@pmc.com.
All spam, UCE and general abuse issues should be directed to: abuse@pmc.com.</SUBTEXT>
    </SECTION>
</POLICY>
