<POLICY modification_date="September 25, 2013" policy_url="http://www.bellasugar.com/privacy" website_category="Health" website_index="067" website_url="bellasugar.com">
    <SECTION>
        <SUBTITLE />
        <SUBTEXT>We at POPSUGAR Inc. (“POPSUGAR,” “we,” “us,” “our”) know that our users (“you,” “your”) care about how your personal information is used and shared, and we take your privacy seriously. Please read the following to learn more about our Privacy Policy. By visiting or using the Website or Services in any manner, you acknowledge that you accept the practices and policies outlined in this Privacy Policy, and you hereby consent that we will collect, use, and share your information in the following ways. Any capitalized terms used herein without definition shall have the meaning given to them in the POPSUGAR Terms of Use found here: http://www.popsugar.com/tos.</SUBTEXT>
    </SECTION>
    <SECTION>
        <SUBTITLE>WHAT DOES THIS PRIVACY POLICY COVER</SUBTITLE>
        <SUBTEXT>This Privacy Policy covers our treatment of personally identifiable information ("Personal Information") that we gather when you are accessing or using our Website. This policy does not apply to the practices of companies that we do not own or control, or to individuals that we do not employ or manage.

We do not knowingly collect or solicit personal information from anyone under the age of 13 or knowingly allow such persons to register for the Services (as that term is defined in our Terms of Use found here: http://www.popsugar.com/tos). If you are under 13, please do not attempt to register for the Services or send any information about yourself to us, including your name, address, telephone number, or email address. No one under age 13 may provide any personal information to us or on the Services. In the event that we learn that we have collected personal information from a child under age 13 without verification of parental consent, we will delete that information as quickly as possible. If you believe that we might have any information from or about a child under 13, please contact us at community@popsugar.com.</SUBTEXT>
    </SECTION>
    <SECTION>
        <SUBTITLE>WHAT INFORMATION DOES POPSUGAR COLLECT</SUBTITLE>
        <SUBTEXT>We gather various types of Personal Information from our users, as explained more fully below. We may use this Personal Information to personalize and improve our services, to allow our users to set up a user account and profile, to contact users, to fulfill your requests for certain products and services, to analyze how users utilize the Website, and as otherwise set forth in this Privacy Policy. We may share certain types of Personal Information with third parties (described in this Section and in Section 7 below). We collect the following types of information:</SUBTEXT>
    </SECTION>
    <SECTION>
        <SUBTITLE>INFORMATION YOU PROVIDE TO US</SUBTITLE>
        <SUBTEXT>We receive and store any information you knowingly provide to us. For example, we collect Personal Information such as your name, user name, email address, and third-party account credentials (for example, your log-in credentials for Facebook or other third party sites). If you provide your third-party account credentials to us, you understand some content and/or information in those accounts (“Third Party Account Information”) may be transmitted into your account with us if you authorize such transmissions, and that Third Party Account Information transmitted to our Website is covered by this Privacy Policy. You can choose not to provide us with certain information, but then you may not be able to register with us or to take advantage of some of our features. Certain information, such as a user name and email address, are required in order to register an account on any part of the Service. We may anonymize your Personal Information so that you cannot be individually identified, and provide that information to our partners.</SUBTEXT>
    </SECTION>
    <SECTION>
        <SUBTITLE>INFORMATION COLLECTED AUTOMATICALLY</SUBTITLE>
        <SUBTEXT>Whenever you interact with our Website, we automatically receive and record information on our server logs from your browser including your IP address, “cookie” information, and the page you requested. “Cookies” are identifiers we transfer to your computer or mobile device that allow us to recognize your browser or mobile device and tell us how and when pages in our Website are visited and by how many people. You may be able to change the preferences on your browser or mobile device to prevent or limit your computer or device's acceptance of cookies, but this may prevent you from taking advantage of some of our Website's features. Our advertising partners, which may include advertisers, advertising agencies, and ad networks, may also transmit cookies to your computer or device, when you view or interact with one of their ads that appear on the Website. Also, if you click on a link to a third party website, such third party may also transmit cookies to you. This Privacy Policy does not cover the use of cookies by any third parties.

When we collect usage information (such as the numbers and frequency of visitors to the Website), we only use this data in aggregate form, and not in a manner that would identify you personally. For example, this aggregate data tells us how often users use parts of the Website, so that we can make the Website appealing to as many users as possible. We may also provide this aggregate information to our partners; our partners may use such information to understand how often and in what ways people use our Website, so that they, too, can provide you with an optimal experience. We never disclose aggregate information to a partner in a manner that would identify you personally.</SUBTEXT>
    </SECTION>
    <SECTION>
        <SUBTITLE>E-MAIL AND OTHER COMMUNICATIONS</SUBTITLE>
        <SUBTEXT>We may contact you, by email or other means; for example, we may send you promotional offers on behalf of other businesses, or communicate with you about your use of the Website. Also, we may receive a confirmation when you open an email from us. This confirmation helps us make emails more interesting and improve our service. If you do not want to receive email or other mail from us, please indicate your preference by changing your account settings accordingly, contacting us at community@popsugar.com, or by clicking the “unsubscribe” link in an email we send to you. Please note that if you do not want to receive legal notices from us, those legal notices will still govern your use of the Website, and you are responsible for reviewing such legal notices for changes. Notwithstanding anything else, certain parts or features of the Service may require you to allow us to send you email; for example, email opt-out is not permitted for accounts registered on circleofmoms.com.</SUBTEXT>
    </SECTION>
    <SECTION>
        <SUBTITLE>E-MAIL ADDRESSES AND INFORMATION PROVIDED TO US BY OTHER USERS</SUBTITLE>
        <SUBTEXT>In some cases, your email address and other Personal Information may be provided to us by other users of the Website or Services (for example, when another user gives you a gift subscription to the Services). Our collection, use, and sharing of your Personal Information will be governed by the same practices and policies outlined this Privacy Policy, whether provided to us directly by you or by another user of the Website or Services.</SUBTEXT>
    </SECTION>
    <SECTION>
        <SUBTITLE>WILL POPSUGAR SHARE ANY OF THE PERSONAL INFORMATION IT RECEIVES</SUBTITLE>
        <SUBTEXT>We neither rent nor sell your Personal Information in personally identifiable form to anyone. We share your Personal Information in personally identifiable form with third parties as described below.

Advertisers: We allow advertisers, advertising agencies, ad networks, and/or merchant partners (collectively, “Advertisers”) to collect information on our Website for the purpose of serving you with advertising tailored to your interest or choose the demographic information of users who will see their advertisements and/or promotional offers. You agree that we may provide any of the information we have collected from you in non-personally identifiable form to an Advertiser, in order for that Advertiser to select the appropriate audience for those advertisements and/or offers. For example, we might use the fact you are located in San Francisco to show you ads or offers for San Francisco businesses, but we will not tell such businesses who you are.

We may deliver a file to you through the Website (known as a “web beacon”) from an ad network. Web beacons allow ad networks to provide anonymized, aggregated auditing, research and reporting for us and for advertisers. Web beacons also enable ad networks to serve targeted advertisements to you when you visit other websites. Because your web browser must request these advertisements and web beacons from the ad network's servers, these companies can view, edit, or set their own cookies, just as if you had requested a web page from their site.

Affiliated Businesses and Third Party Websites We Do Not Control: In certain situations, businesses or third party websites we're affiliated with may sell items or provide services to you through the Website (either alone or jointly with us). You can recognize when an affiliated business is associated with such a transaction or service, and we will share your Personal Information with that affiliated business only to the extent that it is related to such transaction or service. For example, if you purchase a Voucher through the Service, we may share certain information about you with the applicable Merchant, in order to allow such Merchant to redeem that Voucher. Another such service may include the ability for you to automatically transmit Third Party Account Information to your Website profile or to automatically transmit information in your Website profile to your third party account. We have no control over the policies and practices of third party websites or businesses as to privacy or anything else, so if you choose to take part in any transaction or service relating to an affiliated website or business, please review all such business' or websites' policies.

Agents: We employ other companies and people to perform tasks on our behalf and need to share your information with them to provide products or services to you. For example, in order to customize the content you receive from our email mailing lists or advertising partners, we may share your email address or a hashed version of your email address in an aggregate collection of similar information from other users with third parties who then provide us with demographic information that is associated with the aggregate group of email addresses or hashed email addresses. Unless we tell you differently, our agents do not have any right to use the Personal Information we share with them beyond what is necessary to assist us.

User Profiles and Submissions: Certain user profile information, including without limitation a user's name, location, and any video or image content that such user has uploaded to the Website, may be displayed to other users to facilitate user interaction within the Website or address your request for POPSUGAR's services. Your account privacy settings allow you to limit the other users who can see the Personal Information in your user profile and/or what information in your user profile is visible to others. Any content you upload to your public user profile, along with any Personal Information or content that you voluntarily disclose online in a manner other users can view (on discussion boards, in messages and chat areas, etc.) becomes publicly available, and can be collected and used by others. Your user name may also be displayed to other users if and when you send messages or comments or upload images or videos through the Website and other users can contact you through messages and comments. Additionally, if you sign into the Website through a third party social networking site or service, your list of “friends” from that site or service may be automatically imported to the Website, and such “friends,” if they are also registered users of the Website, may be able to access certain non-public information you have entered in your Website user profile. Again, we do not control the policies and practices of any other third party site or service.

Business Transfers: We may choose to buy or sell assets. In these types of transactions, customer information is typically one of the business assets that would be transferred. Also, if we (or substantially all of our assets) are acquired, or if we go out of business, enter bankruptcy, or go through some other change of control, Personal Information would be one of the assets transferred to or acquired by a third party.

Protection of POPSUGAR and Others: We reserve the right to access, read, preserve, and disclose any information that we reasonably believe is necessary to comply with law or court order; enforce or apply our conditions of use and other agreements; or protect the rights, property, or safety of POPSUGAR, our employees, our users, or others. This includes exchanging information with other companies and organizations for fraud protection and credit risk reduction.

With Your Consent: Except as set forth above, you will be notified when your Personal Information may be shared with third parties in personally identifiable form, and will be able to prevent the sharing of this information.</SUBTEXT>
    </SECTION>
    <SECTION>
        <SUBTITLE>HOW DOES POPSUGAR USE THIRD-PARTY ONLINE ADVERTISING</SUBTITLE>
        <SUBTEXT>Some of the advertisements you see on our Website or on emails we deliver to you are delivered by Advertisers who collect non-personally identifiable information about your online activities with the emails we send and/or our Website through the use of cookies, web beacons, and other technologies, in an effort to understand your interests and deliver you advertisements that are tailored to your interests. These Advertisers may include, but are not limited to, BlueKai, Brightroll, Criteo, DoubleClick, Google, MediaMath, PubMatic, Pulse360, Quantcast, and Yahoo. The use of cookies, web beacons, and other technologies by these companies is subject to the privacy policies of those third parties. These companies may offer you a way to choose not to have your information used for advertising purposes. You can find out more information by clicking on the company names listed above and following the links to each company's website.

In addition, some of these companies are members of the Network Advertising Initiative (“NAI”), which offers a single location to opt out of receiving tailored ads from its member companies. To opt out of information collection by NAI member companies, or to obtain information about the technologies they use or their own privacy policies, please visit the NAI consumer opt out page located at: http://www.networkadvertising.org/managing/opt_out.asp. To opt out of information collected by Quantcast, or to obtain information about the technologies they use or their own privacy policies, please visit the Quantcast consumer opt out page located at: https://www.quantcast.com/opt-out.

Please note that if you choose to opt out of having your information used to deliver advertisements tailored to your interests or demographic, you will continue to see advertisements on our Website, but these advertisements may not be as relevant to you.

POPSUGAR does not have access to the information that Advertisers may collect, and the information practices of our Advertisers are not covered by this Privacy Policy.

In addition, POPSUGAR works with third parties to help us track the advertisements that are delivered to you to determine the effectiveness of advertising on our Website. Third parties that use cookies, web beacons and other technologies to assist us with our traffic measurement, research and analytics include, but are not limited to, Comscore, Nielsen and DoubleClick. POPSUGAR does not share personally identifiable information with these third parties.</SUBTEXT>
    </SECTION>
    <SECTION>
        <SUBTITLE>IS PERSONAL INFORMATION ABOUT ME SECURE</SUBTITLE>
        <SUBTEXT>Your account is protected by a password for your privacy and security. If you access your account via a third party site or service, you may have additional or different sign-on protections via that third party site or service. You must prevent unauthorized access to your account and Personal Information by selecting and protecting your password and/or other sign-on mechanism appropriately and limiting access to your computer or device and browser by signing off after you have finished accessing your account.

We follow reasonable data security practices to protect the confidentiality and security of your account and the Personal Information you provide to us. To protect your credit card number we use industry-standard Secure Socket Layer (SSL) software to protect the security of your credit card information during transmission through encryption. We believe the measures we have implemented reduce the likelihood of a security breach to a level appropriate to the type of data involved. However, we cannot guarantee complete security. Unauthorized entry or use, hardware or software failure, and other factors, may compromise the security of user information at any time.

The Website may contain links to other sites. We are not responsible for the privacy policies and/or practices on other sites. When following a link to another site you should read that site's privacy policy.</SUBTEXT>
    </SECTION>
    <SECTION>
        <SUBTITLE>WHAT PERSONAL INFORMATION CAN I ACCESS</SUBTITLE>
        <SUBTEXT>Through your account settings, you may access, and, in some cases, edit or delete the following information you've provided to us:
name and password
email address
location
user profile information, including images and videos you have uploaded

The information you can view, update, and delete may change as the Website changes. If you have any questions about viewing or updating information we have on file about you, please contact us at community@popsugar.com. Under California Civil Code Sections 1798.83-1798.84, California residents are entitled to ask us for a notice identifying the categories of Personal Information which we share with our affiliates and/or third parties for marketing purposes, and providing contact information for such affiliates and/or third parties. If you are a California resident and would like a copy of this notice, please submit a written request to community@popsugar.com.</SUBTEXT>
    </SECTION>
    <SECTION>
        <SUBTITLE>WHAT CHOICES DO I HAVE</SUBTITLE>
        <SUBTEXT>You can always opt not to disclose information to use, but keep in mind some information may be needed to register with us or to take advantage of some of our special features.
You may be able to add, update, or delete information as explained in Section 10 above. When you update information, however, we may maintain a copy of the unrevised information in our records. You may request deletion of your account by contacting us at community@popsugar.com. Please note that some information may remain in our records after your deletion of such information from your account. We may use any aggregated data derived from or incorporating your Personal Information after you update or delete it, but not in a manner that would identify you personally.</SUBTEXT>
    </SECTION>
    <SECTION>
        <SUBTITLE>CHANGES TO THIS PRIVACY POLICY</SUBTITLE>
        <SUBTEXT>We may amend this Privacy Policy from time to time. Use of information we collect now is subject to the Privacy Policy in effect at the time such information is used. If we make changes in the way we use Personal Information, we will notify you by posting an announcement on our Website, updating the Effective Date of this Privacy Policy, or sending you an email. You are bound by any changes to the Privacy Policy when you use the Website after such changes have been first posted.</SUBTEXT>
    </SECTION>
    <SECTION>
        <SUBTITLE>QUESTIONS OR CONCERNS</SUBTITLE>
        <SUBTEXT>If you have any questions or concerns regarding our privacy policies, please send us a detailed message to community@popsugar.com or contact us at 111 Sutter Street, San Francisco, California, 94104, ATTN: POPSUGAR Inc. We will make every effort to resolve your concerns.

Effective Date: September 25, 2013</SUBTEXT>
    </SECTION>
</POLICY>
