<POLICY modification_date="" policy_url="http://www.acs.org/content/acs/en/privacy.html" website_category="Science" website_index="082" website_url="acs.org">
    <SECTION>
        <SUBTITLE />
        <SUBTEXT>Privacy Statement
acs.org recognizes that users may have concerns about privacy issues as they navigate the Internet. ACS is committed to providing users with a safe, secure environment in which to secure information. We recommend visiting the Federal Trade Commission website for more information about general privacy issues.

acs.org will use reasonable efforts to ensure that the information you provide remains private, and is used only for the purposes stated below. Please review the Terms of Use for the definition of acs.org's relationship to its users.</SUBTEXT>
    </SECTION>
    <SECTION>
        <SUBTITLE>Collected Information</SUBTITLE>
        <SUBTEXT>We collect information about the users of our site. This information helps us determine which parts of the site visitors find most valuable as well as how we can continually improve the services we provide. User identities remain anonymous unless the User provides this information as a part of registration.

We use your IP address to help diagnose problems with our servers and to administer our Website.

Users may use acs.org without registering but registration must occur in order to use any of the personalization services. Our site's registration form requires specific contact information: name, e-mail address, etc., or to conduct e-commerce (eg., register for short courses and meetings, make purchases from our online store). The contact information is used to contact users when necessary.

Unique identifiers (such as IDs and passwords) are collected to verify the visitor's identity and for use as account numbers in our record system.</SUBTEXT>
    </SECTION>
    <SECTION>
        <SUBTITLE>Links to Other Sites</SUBTITLE>
        <SUBTEXT>acs.org may contain links to third-party Websites. These links are provided solely as a convenience to users and not as an endorsement by ACS of the contents on such third-party Websites. ACS is not responsible for the content of linked third-party sites and does not make any representations regarding the content or accuracy of materials on such third-party Websites. Links to third-party Websites are performed at your own risk.

ACS does not represent or guarantee the truthfulness, accuracy, or reliability of communications posted by users or endorse any opinions expressed by users. User acknowledges that any reliance on material posted by other users will be at the User's risk.</SUBTEXT>
    </SECTION>
    <SECTION>
        <SUBTITLE>E-mail messages</SUBTITLE>
        <SUBTEXT>acs.org communicates with its users by e-mail for specific Web-related functions, such password reminders. Because these messages are critical to site use, users will not be able to opt-out of receiving such messages.

Users who register with acs.org have the option of receiving occasional e-mails from us about new features and similar messages that we feel may be of interest. Users may opt-in to receive these messages. The following options are available to opt-out of receiving these messages if Users have previously opted-in:

Edit User's registration profile
Send e-mail to webmaster@acs.org
Send mail to acs.org, 1155 16th Street NW, Washington, DC 20036
Call 202-872-4499</SUBTEXT>
    </SECTION>
    <SECTION>
        <SUBTITLE>Cookies</SUBTITLE>
        <SUBTEXT>At acs.org, we use a feature on your Internet browser called a "cookie". A cookie is a small file that your Web browser places on your computer's hard drive to identify you as a user. acs.org does not use cookies to collect any personal information about users, nor do we sell or make them available to other organizations.

You may disable the cookie function on your browser or erase the contents in your cookies file. To do this, consult the help features on your browser. However, please bear in mind that doing this prevents the Website from recognizing you as a previous user of this Website and may prevent you from using some features on the site. You must have cookies enabled to create an acs.org account.</SUBTEXT>
    </SECTION>
    <SECTION>
        <SUBTITLE>Security</SUBTITLE>
        <SUBTEXT>Your account containing your information is password protected and should never be shared with anyone. This site has security measures in place to protect the loss, misuse, and alteration of the information under our control. Please visit our page on security for more detailed information</SUBTEXT>
    </SECTION>
    <SECTION>
        <SUBTITLE>Children's Guidelines</SUBTITLE>
        <SUBTEXT>acs.org meets the guidelines of TRUSTe's Children's program.</SUBTEXT>
    </SECTION>
    <SECTION>
        <SUBTITLE>Feedback</SUBTITLE>
        <SUBTEXT>acs.org encourages visitors to submit feedback. Any feedback that is submitted becomes the property of acs.org and we may use this feedback for marketing purposes, or to contact visitors for more information.</SUBTEXT>
    </SECTION>
    <SECTION>
        <SUBTITLE>Privacy Policy Updates</SUBTITLE>
        <SUBTEXT>Any changes to our privacy policy will be posted here so that visitors will always know what information we gather, how we might use that information, and whether we will disclose it to anyone. If, at any time, you have questions or concerns about acs.org's privacy statement, the practices of this site, or your dealings with this Website, contact us at:

acs.org
American Chemical Society
1155 16th Street NW
Washington, DC 20036
webmaster@acs.org</SUBTEXT>
    </SECTION>
</POLICY>
