<POLICY modification_date="" policy_url="http://www.advance.net/advancedigitalUserAgreementPP/#privacy" website_category="News" website_index="077" website_url="nj.com">
    <SECTION>
        <SUBTITLE />
        <SUBTEXT>PRIVACY POLICY</SUBTEXT>
    </SECTION>
    <SECTION>
        <SUBTITLE>The Type of Information the Service Collects:</SUBTITLE>
        <SUBTEXT>The following Privacy Policy summarizes the various ways we treat personally identifiable and other information about you and your computer, mobile or other device when you access, visit and/or use the Service. This Privacy Policy does not cover information collected elsewhere, including without limitation offline and on sites, applications, destinations, or services linked to from the Service.
The Service generally collects personally identifiable information with your specific knowledge and consent. For instance, when you enter a sweepstakes or contest, complete a survey, make a purchase, subscribe to our publication(s), register for certain services, or register and/or set up an account/profile to access, visit and/or use certain portions of the Service, or the Service as a whole, you may be provided, or required to choose, a password and/or User ID, and you may provide a credit, debit, or charge card number, or other payment information, as well as your name, telephone number(s), email and/or street address, and other personally identifiable information. Other information such as your age, gender, an avatar, and the number for your mobile or other device may also be requested. In addition, you may be asked to send us similar information via messaging (e.g., email, SMS, MMS, or other technologies). All such information shall be referred to in this Privacy Policy as your "Registration Information".
Our servers may also automatically collect information about you, your online behavior and your computer, mobile or other device. The information collected may include, without limitation, the make, model, settings, specifications (e.g., CPU speed, connection speed, browser type, operating system, device identifier) and geographic location of you and/or your computer, mobile or other device, as well as date/time stamp, IP address, pages visited, time of visits, content viewed, ads viewed, the site(s), application(s), destination(s), and/or service(s) you arrived from, and other clickstream data.
If you choose to access, visit and/or use any third party social networking service(s) that may be integrated with the Service, we may receive personally identifiable information and other information about you and your computer, mobile or other device that you have made available to those services, including information about your contacts on those services. For example, some social networking services allow you to push content from our Service to your contacts or to pull information about your contacts so you can connect with them on or through our Service. Some social networking services also will facilitate your registration for our Service or enhance or personalize your experience on our Service. Your decision to use a social networking service in connection with our Service is voluntary. However, you should make sure you are comfortable with the information your third party social networking services may make available to our Service by visiting those services' privacy policies and/or modifying your privacy settings directly with those services. We reserve the right to use, transfer, assign, sell, share, and provide access to all personally identifiable information and other information about you and your computer, mobile or other device that we receive through third-party social networking services in the same ways described in this Agreement as all of your other information.</SUBTEXT>
    </SECTION>
    <SECTION>
        <SUBTITLE>How the Service Uses Information About You:</SUBTITLE>
        <SUBTEXT>We use personally identifiable information you supply through the Service to provide you with the merchandise, product, service, and/or Content you have requested. For example, if you subscribe to any of our publications, we may use your e-mail address to send you a confirmation notice and your mailing address to send you the publication. Similarly, if you enter an online sweepstakes, we will use this information to notify you if you are a winner. We may also use the information to communicate with you about new features, products or services, and/or to improve the services that we offer by tailoring them to your needs.
Unless otherwise specified on the Service, we may sell or share information about you and your computer, mobile or other device, including without limitation your Registration Information and other personally identifiable information, with our parent, subsidiaries, and affiliates and with carefully selected companies who we think may offer services and/or products that may be of interest to you. If you do not wish to have your personally identifiable information shared with unaffiliated third parties, contact our Privacy Policy Coordinator as described at the end of this document. If you do not wish to receive future commercial messages from us, simply follow the unsubscribe instructions contained within the message you receive. (But note that you may continue to receive certain communications from us, such as transactional or relationship messages, and/or messages about your account/profile). If you've registered on any part of the Service, please use the mechanism or contact information on the Service that allows you to change or update your member preferences or information, if available, to keep all such data accurate and up-to-date. If no such mechanism or contact information is available on the Service, contact our Privacy Policy Coordinator as described below with your changes.
We may also allow access to our database by third parties that provide us with services, such as technical maintenance, market research, community and forums management, auction services, and shopping, personal/job search and other classified ads functionality, but only for the purpose of and to the extent necessary to provide those services. And if you choose to purchase merchandise, products and/or services, including without limitation Content, on or through features on the Service, we may forward your information to third parties for services such as credit card or other payment processing, order fulfillment, credit pre-authorization, and address verification. There are also times when you provide information about yourself to us in areas of the Service that may be managed or participated in by third parties. In such cases, the information may be used by us and by such third party(ies), each pursuant to its own policies. We may also provide your information to our advertisers, so that they can serve ads to you that meet your needs or match your interests. While we may seek to require such third parties to follow appropriate privacy policies and will not authorize them to use this information except for the express purpose for which it is provided, we do not bear any responsibility for any actions or policies of third parties.
We reserve the right to access, use, and share with others your personally identifying information for purposes of health, safety and other matters in the public interest.
We may also provide access to our database in order to cooperate with official investigations or legal proceedings initiated by governmental and/or law enforcement officials, as well as private parties, including, for example, in response to subpoenas, search warrants, court orders, or other legal process.
In addition, we reserve the right to use the information we collect about your computer, mobile or other device (including its geographic location), which may at times be able to identify you, for any lawful business purpose, including without limitation to help diagnose problems with our servers, to gather broad demographic information, analyze trends, track users' movements around the Service, and to otherwise administer the Service. Geographic location information about you and/or your computer, mobile or other device may specifically be used to show you content and sponsored messaging based on geographic location.
We reserve the right to use, transfer, sell, and share aggregated, anonymous data about our users as a group for any lawful business purpose, such as analyzing usage trends and seeking compatible advertisers, sponsors, clients and customers.
In addition, as our business changes, we may buy or sell various assets. In the event all or a portion of the assets owned or controlled by us, our parent or any subsidiary or affiliated entity are sold, assigned, transferred or acquired by another company, the information from and/or about our Service users may be among the transferred assetsi.
We reserve the right to identify you from your Registration Information and/or to merge or co-mingle anonymous or non-personally identifiable data about you, your offline and online behavior, and/or your computer, mobile or other device (including its geographic location), with your Registration Information and/or other personally identifiable data for any lawful business purpose.</SUBTEXT>
    </SECTION>
    <SECTION>
        <SUBTITLE>Local Device Storage and other Tracking Technologies:</SUBTITLE>
        <SUBTEXT>The Service may place and/or store code or other types of information and/or devices (e.g., "cookies") on your computer, mobile or other device ("Local Device Storage"). We may use Local Device Storage for any lawful business purpose, including without limitation to determine which of our messages have been opened by recipients so we can gauge the effectiveness of marketing campaigns, to control the display of ads, to track usage patterns, the movements of individual users, and your geographic location, to help diagnose problems with our servers, to gather broad demographic information, to analyze trends, to conduct research, to deliver editorial content, to record registration and personalization information, and to otherwise administer the Service. For example, if you register on any part of the Service and are given the option to save your user name and password, we may provide this convenience to you via Local Device Storage. Local Device Storage may also collect and store your personally identifiable information, which may be shared with our parent, subsidiaries, and affiliates and other companies.
If you do not want Local Device Storage, your computer, mobile or other device may include an option that allows you to not accept it. However, if you disable Local Device Storage, some portions of the Service may not function properly.
In addition to Local Device Storage, we may use web beacons, web bugs, clear gifs, and similar technologies (collectively, together with Local Device Storage, the "Tracking Technologies"). We use Tracking Technologies for all or some of the same lawful business purposes we describe above for use of Local Device Storage.</SUBTEXT>
    </SECTION>
    <SECTION>
        <SUBTITLE>How to Opt-Out of Third Party Tracking Technologies:</SUBTITLE>
        <SUBTEXT>Our advertising service vendors and other third parties may also use Tracking Technologies to serve you advertisements tailored to interests you have shown by browsing on this Service and other sites, applications, destinations, and services you have visited, and to determine whether you have seen a particular advertisement before to avoid sending you duplicate advertisements, and for other lawful business purposes. In doing so, these third parties may collect non-personally identifiable data including for example the make, model, settings, specifications (e.g., CPU speed, connection speed, browser type, operating system, device identifier) and geographic location of your computer, mobile or other device, as well as date/time stamp, IP address, pages visited, time of visits, content viewed, ads viewed, the site(s), application(s), destination(s), and/or service(s) you arrived from, and other clickstream data. The use of Tracking Technologies by third parties is subject to their own privacy policies, not this Privacy Policy, and we have no responsibility or liability in connection therewith. If you do not want the services that Tracking Technologies provide, you may be able to opt-out by visiting http://www.aboutads.info and/or www.networkadvertising.org.</SUBTEXT>
    </SECTION>
    <SECTION>
        <SUBTITLE>Transfer of Information:</SUBTITLE>
        <SUBTEXT>Your information may be transferred to, and maintained on, servers and databases located outside of your state, province, country or other governmental jurisdiction where the privacy laws may not be as protective as your jurisdiction. Please be advised that we may transfer your information to and from any state, province, country or other governmental jurisdiction, and process it in the United States or elsewhere. Your consent to this Privacy Policy followed by your submission of such information represents your agreement to any such transfer.</SUBTEXT>
    </SECTION>
    <SECTION>
        <SUBTITLE>Information Security and Notification:</SUBTITLE>
        <SUBTEXT>Because no data transmission is completely secure, and no system of physical or electronic security is impenetrable, we cannot guarantee the security of the information you send to us or the security of our servers, networks or databases, and by using the Service you agree to assume all risk in connection with the information sent to us or collected by us when you access, visit and/or use the Service, including without limitation your personally identifiable information or other Registration Information, and we are not responsible for any loss of such information or the consequences thereof.
Moreover, if you elect to store information, such as your personally identifiable information or other Registration Information, where others may access it, we are not responsible for any loss of such information or the consequences thereof. If you lose a computer, mobile or other device, or it is stolen, that contains your personally identifiable information or other Registration Information, it is up to you to take all the steps necessary to protect yourself.
In the unlikely event that we believe that the security of your information in our possession or control may have been compromised, we may seek to notify you. If notification is appropriate, we may notify you via your computer, mobile or other device.</SUBTEXT>
    </SECTION>
    <SECTION>
        <SUBTITLE>Kids and Parents:</SUBTITLE>
        <SUBTEXT>This Service is not intended for use by children, especially those under age 13. No one under age 13 is allowed to register for the Service or provide any personally identifiable information or use our social, community and public discussion areas, photo and video galleries, bulletin boards, forums, chats, blogs, personal/job search and other classified ads, and elsewhere. Minors between the ages of 13 and 17, inclusive, must get the permission of their parent(s) or legal guardian(s) before making purchases, including subscriptions, on this Service.
If your children disclose information about themselves in publicly accessible areas of the Service, they may get unsolicited messages from other parties. Accordingly, you should tell them not to do so.
If you're worried about your children's activities or their privacy on the Service, we encourage you to contact our Privacy Policy Coordinator as described below.</SUBTEXT>
    </SECTION>
    <SECTION>
        <SUBTITLE>News Registry</SUBTITLE>
        <SUBTEXT>This Web site uses services provided by News Registry. News Registry collects content usage information and may use cookies in conjunction with this activity. Your continued readership of the Site means you accept the privacy policy of the News Registry. Please refer to the News Registry privacy policy at http://www.apnewsregistry.com/privacycenter/servicepolicy.aspx for further information.</SUBTEXT>
    </SECTION>
    <SECTION>
        <SUBTITLE>Privacy Policy Coordinator:</SUBTITLE>
        <SUBTEXT>If you have any concerns or questions about any aspect of this policy, please feel free to contact our Privacy Policy Coordinator as follows:

Privacy Policy Coordinator
Advance Digital, Inc.
30 Journal Square, Suite 400
Jersey City, NJ 07306
privacy_inquiry@advance.net
Make sure to include enough information for us to help you, including for example your name, contact information, and the specific website, mobile site, application, and/or other service you're contacting us about.

Note: Only inquiries about this policy or your personal information should be sent to the Privacy Policy Coordinator. No other communications will be accepted or responded to.

For communications on other matters, please contact us through the means described on the Service, if available (for example, in the "Contact Us" section).

*	*	*	*	*	*	*	*	*	*	*	*	*	*
If you don't agree to the terms contained in this User Agreement and Privacy Policy, you must immediately exit the Service.</SUBTEXT>
    </SECTION>
</POLICY>
