<POLICY modification_date="" policy_url="http://www.chess.com/legal#privacypolicy" website_category="Games" website_index="012" website_url="chess.com">
    <SECTION>
        <SUBTITLE>Put simply: we will NEVER share your information with anyone</SUBTITLE>
        <SUBTEXT>This policy covers how Chess.com treats personal information that Chess.com collects and receives, including information related to your past use of Chess.com products and services. Personal information is information about you that is personally identifiable like your name, address, email address, or phone number, and that is not otherwise publicly available. This policy does not apply to the practices of companies that Chess.com does not own or control, or to people that Chess.com does not employ or manage. In addition, certain Chess.com services may have their own associated privacy statements.</SUBTEXT>
    </SECTION>
    <SECTION>
        <SUBTITLE>Collecting Information</SUBTITLE>
        <SUBTEXT>Chess.com collects personal information when you register with Chess.com, when you use Chess.com products or services, when you visit Chess.com pages or the pages of certain Chess.com partners, and when you enter promotions or sweepstakes. Chess.com may combine information about you that we have with information we obtain from business partners or other companies. When you register we ask for information such as your name, email address, birth date, gender, zip code, occupation, industry, and personal interests. Once you register with Chess.com and sign in to our services, you are not anonymous to us. Chess.com automatically receives and records information on our server logs from your browser, including your IP address, Chess.com cookie information, and the page you request. Chess.com uses information for the following general purposes: to customize the advertising and content you see, fulfill your requests for products and services, improve our services, contact you, conduct research, and provide anonymous reporting for internal and external clients.</SUBTEXT>
    </SECTION>
    <SECTION>
        <SUBTITLE>Cookies &amp; Targeting</SUBTITLE>
        <SUBTEXT>Chess.com may set and access Chess.com ‘cookies' on your computer. Chess.com lets other companies that show advertisements on some of our pages set and access their cookies on your computer. Advertisers or other companies do not have access to Chess.com's cookies. These third-party advertising companies serve ads when you visit our website. These companies may use non-personally identifiable information (e.g., click stream information, browser type, time and date, subject of advertisements clicked or scrolled over - not including your name, address, email address, or telephone number) during your visits to this and other Web sites in order to provide advertisements about goods and services likely to be of greater interest to you. Google, as a third party vendor, uses cookies to serve ads on this site. This includes the DoubleClick DART cookie which enables it to serve ads to users based on their visit to this site and other sites on the Internet. You may opt out of the use of the DART cookie by visiting the Google ad and content network privacy policy. To learn more about this behavioral advertising practice or to opt-out of this type of advertising, you can visit www.networkadvertising.org.

Notwithstanding any other provision in this policy, in visiting this site, a third-party advertiser (or its partners) may place or recognize a unique cookie on your browser. These cookies enable more customized ads, content or services to be provided to you. To trigger these cookies, we may pass an encrypted or "hashed" (non-human readable) identifier corresponding to your email address to a Web advertising partner, who may place a cookie on your computer. No personally identifiable information is on, or is connected to, these cookies. To opt-out of these cookies, please go to http://www.privacychoice.org/companies or http://www.aboutads.info/choices.</SUBTEXT>
    </SECTION>
    <SECTION>
        <SUBTITLE>Your Information</SUBTITLE>
        <SUBTEXT>You can edit your Chess.com account information at any time. We reserve the right to send you certain communications relating to the Chess.com service, such as service announcements, administrative messages and the Chess.com Newsletter, that are considered part of your Chess.com account, without offering you the opportunity to opt-out of receiving them. You can delete your account by contacting Chess.com.</SUBTEXT>
    </SECTION>
    <SECTION>
        <SUBTITLE>Confidentiality and Security</SUBTITLE>
        <SUBTEXT>We limit access to personal information about you to employees who we believe reasonably need to come into contact with that information to provide products or services to you or in order to do their jobs. We have physical, electronic, and procedural safeguards that comply with federal regulations to protect personal information about you.</SUBTEXT>
    </SECTION>
    <SECTION>
        <SUBTITLE>Protecting Your Information</SUBTITLE>
        <SUBTEXT>Chess.com does not rent, sell, or share personal information about you with other people or nonaffiliated companies except to provide products or services you've requested, when we have your permission, or under the following circumstances:

We provide the information to trusted partners who work on behalf of or with Chess.com under confidentiality agreements. These companies may use your personal information to help Chess.com communicate with you about offers from Chess.com and our marketing partners. However, these companies do not have any independent right to share this information.
We respond to subpoenas, court orders, or legal process, or to establish or exercise our legal rights or defend against legal claims;
We believe it is necessary to share information in order to investigate, prevent, or take action regarding illegal activities, suspected fraud, situations involving potential threats to the physical safety of any person, violations of Chess.com's terms of use, or as otherwise required by law.
We transfer information about you if Chess.com is acquired by or merged with another company. In this event, Chess.com will notify you before information about you is transferred and becomes subject to a different privacy policy.

Policy Updates

Chess.com may update this policy. We will notify you about significant changes in the way we treat personal information by sending a notice to the primary email address specified in your Chess.com account or by placing a prominent notice on our site.</SUBTEXT>
    </SECTION>
</POLICY>
