<POLICY modification_date="" policy_url="http://www.discogs.com/help/account/privacy-policy" website_category="Arts" website_index="056" website_url="discogs.com">
    <SECTION>
        <SUBTITLE />
        <SUBTEXT>Help  Account  Privacy Policy</SUBTEXT>
    </SECTION>
    <SECTION>
        <SUBTITLE>Collection</SUBTITLE>
        <SUBTEXT>When you register or enter information on our site, we collect your personal information.
We use cookies and other technology to keep track of your online interaction with our site.
We don't send spam and do not permit spam on Discogs</SUBTEXT>
    </SECTION>
    <SECTION>
        <SUBTITLE>Information Use</SUBTITLE>
        <SUBTEXT>We use information to:

Provide the requested services.
Personalize the site for you and communicate with you.
Help enforce our terms and conditions, prevent fraud, and keep Discogs safe.</SUBTEXT>
    </SECTION>
    <SECTION>
        <SUBTITLE>Disclosure</SUBTITLE>
        <SUBTEXT>We disclose your information to facilitate your transactions on the site.
We occasionally provide information to other companies who work on our behalf to help provide our services.
We share limited information with law enforcement and others to help keep Discogs safe.
We do not give or sell email addresses or collection/wantlist data to any third party.</SUBTEXT>
    </SECTION>
    <SECTION>
        <SUBTITLE>Notification Preferences</SUBTITLE>
        <SUBTEXT>The settings page allows you to:

Choose how we communicate with you.
Change your personal information
Set privacy preferences for your collection and wantlist</SUBTEXT>
    </SECTION>
    <SECTION>
        <SUBTITLE>Public Groups &amp; Forums</SUBTITLE>
        <SUBTEXT>Information you post in groups, forums, and/or database becomes public information. Please exercise caution when disclosing your private information in these areas.</SUBTEXT>
    </SECTION>
    <SECTION>
        <SUBTITLE>Third Parties</SUBTITLE>
        <SUBTEXT>Except as otherwise expressly included in this Privacy Policy, this document addresses only the use and disclosure of information we collect from you. If you disclose your information to others, whether they are buyers or sellers on our site or other sites throughout the internet, different rules may apply to their use or disclosure of the information you disclose to them. Discogs does not control the privacy policies of third parties, and you are subject to the privacy policies of those third parties where applicable. We encourage you to ask questions before you disclose your personal information to others.</SUBTEXT>
    </SECTION>
    <SECTION>
        <SUBTITLE>Analytics &amp; Display Advertising</SUBTITLE>
        <SUBTEXT>The Google Analytics features we've implemented are based on Displayed Advertising (e.g., Remarketing).
Visitors can opt-out of Google Analytics for Display Advertising and customize Google Display Network ads using the Ads Preferences Manager.
We use Remarketing with Google Analytics to advertise online.
Third-party vendors, including Google, show our ads on sites across the Internet.
We and third-party vendors, including Google, use first-party cookies (such as the Google Analytics cookie) and third-party cookies (such as the DoubleClick cookie) together to inform, optimize, and serve ads based on someone's past visits to our website.
If you would like to opt-out you may use this browser add-on.</SUBTEXT>
    </SECTION>
    <SECTION>
        <SUBTITLE>General</SUBTITLE>
        <SUBTEXT>We may amend this Privacy Policy at any time by posting the amended terms on this site. All changes to our terms are effective immediately. We encourage you to review this Privacy Policy from time to time so you will know if the Privacy Policy has been changed or updated.</SUBTEXT>
    </SECTION>
    <SECTION>
        <SUBTITLE>Contact Us</SUBTITLE>
        <SUBTEXT>You can contact us via our support request form.</SUBTEXT>
    </SECTION>
</POLICY>
