<POLICY modification_date="October 01, 2012" policy_url="http://www.anthropologie.com/anthro/help/privacy_security.jsp" website_category="Shopping" website_index="086" website_url="anthropologie.com">
    <SECTION>
        <SUBTITLE />
        <SUBTEXT>Updated October 2012
Your Privacy

Thank you for shopping at anthropologie.com. This privacy and security policy ("Policy") outlines the information we collect about you, how we use the information and the choices you have to review, revise and/or restrict our usage of this information.</SUBTEXT>
    </SECTION>
    <SECTION>
        <SUBTITLE>Collected Information</SUBTITLE>
        <SUBTEXT>Anthropologie.com collects customer information for a variety of reasons, including as part of our ongoing efforts to provide superior customer service, improve our customer's shopping experience and to communicate with our customers about our products, services and promotions, including those that we believe may be of particular interest to you based on information we have collected. We collect personal information such as your name, financial information, telephone number, e-mail and postal address ("Personal Information") that you provide to us when you save your information with us or when you participate in a sweepstakes, promotion or survey. We use this information to process any transaction, inquiry or promotion that you initiate with us, and provide you with advertising tailored to your interests. In addition, we maintain a record of your product interests, purchases and whatever else might enable us or our business partners to enhance and personalize your shopping experience on this or other websites and to provide you with offers, promotions or information that we believe may be of interest to you. We also monitor use of the Website and traffic patterns to improve the Website design and the products and services we offer as well as to determine what offers, promotions or information to send to you.

Anthropologie.com may disclose specific personal information about you if required by law, governmental request or court order, if based on our good faith belief that it is necessary to conform or comply with such law, request or court. We may also disclose information about you to other members of the Anthropologie corporate family, as well as a company contracted to help prevent the unauthorized use of credit and gift cards.

*You can easily update your account information by logging on to anthropologie.com and clicking Your Account</SUBTEXT>
    </SECTION>
    <SECTION>
        <SUBTITLE>Our Email List</SUBTITLE>
        <SUBTEXT>We offer those who sign-up for our email list advanced notice of sales, new merchandise, store openings and other anthropologie news. Email addresses collected at Anthropologie.com are used internally and by our business partners. If you would like to unsubscribe from our email list or would prefer that your email address not be shared with our business partners, click here or contact us. We will remove your name from our email list within a reasonable period of time. Please recognize that you may receive another email before we are able to remove you.</SUBTEXT>
    </SECTION>
    <SECTION>
        <SUBTITLE>Our Catalog Mailing List</SUBTITLE>
        <SUBTEXT>If you no longer wish to receive Anthropologie catalogs, please contact us or call 800-309-2500. Please include your name and mailing address as shown on your catalog. We will remove your name from our mailing list as soon as possible. Please recognize that you may receive another catalog before we are able to remove you.

We may, on occasion, share a portion of our catalog mailing list with our business partners. If you do not want your name and address shared with other organizations, contact us or call 800-309-2500.</SUBTEXT>
    </SECTION>
    <SECTION>
        <SUBTITLE>Business Partners</SUBTITLE>
        <SUBTEXT>Anthropologie contracts with outside service providers to help us better understand your use of anthropologie.com. Our service providers place cookies on your computer or use other technologies to collect various kinds of information for us related to your use of anthropologie.com, so that we and our business partners may continue to refine and improve the site and other sites for our customers, and provide advertising tailored to your interests. We do not allow our service providers to collect any credit card, user name or password information, and any Personal Information shared with our service providers is made anonymous. As a visitor to anthropologie.com, you may opt out of being included in this collection of data by contacting us or calling 800-309-2500. To opt-out of third party advertising tailored to your interests, click here. We may also use our own cookies to deliver enhanced online display advertising tailored to your interests. To opt out of this advertising provided directly by Anthropologie, click here.

"Cookies" are bits of information that are automatically stored on your computer. If you do not want to have cookies on your system, you can set your browser to disable them.

We or our partners may use Flash Cookies (also known as Local Stored Objects) or other similar technologies. A Flash cookie is a small data file placed on a computer using Adobe Flash or similar technology that may be built into your computer or downloaded or installed by you to your computer. We use these technologies to personalize and enhance your online experience, facilitate processes, personalize and store your settings. Flash cookies may help our website visitors to, for example, set volume preference associated with a video experience, play games and perform surveys. They help us improve our sites by measuring which areas are of greatest interest to customers. They may be recognized by other sites or by our marketing or business partners. Flash cookies are different from browser cookies and the cookie management tools provided by your browser will not remove Flash cookies. Click here to learn how to manage privacy and storage settings for Flash cookies. If you disable Flash cookies or other similar technologies, please be aware that you may not have access to certain features and services that make your online experience more efficient and enjoyable.

We also use other methods of automatic collection to determine information about visitors to our website, including the IP address, browser, language preferences, and computer identification numbers. We use the information obtained using these tools to provide better customer service, enhance our product offerings, and detect potential misuse or fraud. To opt out of any such data collection, contact us or call 800-309-2500.</SUBTEXT>
    </SECTION>
    <SECTION>
        <SUBTITLE>Secure Shopping</SUBTITLE>
        <SUBTEXT>Sensitive personal information contained in orders placed on the Website are encrypted using 128-bit secure sockets layer (SSL) technology.* In order for SSL security to work, you must use an SSL enabled browser. *Secure Socket Layer (SSL) is a technology used by vendors to ensure the security of online business. It negotiates and employs the essential functions of mutual authentication, data encryption and data integrity for secure transactions.

Unfortunately, no data transmission over the Internet or any wireless network can be guaranteed to be 100% secure. As a result, while we strive to protect you Personal Information, you acknowledge that: (a) there are security and privacy limitations of the Internet which are beyond our control; (b) the security, integrity, and privacy of any and all information and data exchanged between you and us through the Website cannot be guaranteed; (c) any such information and data may be viewed or tampered with in transit by a third party; and (d) WHEN YOU TRANSFER ANY INFORMATION TO US, YOU DO SO AT YOUR OWN RISK.

If you still have concerns about ordering electronically, feel free to call (800) 309-1500 and place your order over the phone. Have the 8-digit style number, size, and color ready for each item you wish to order. You can also print your shopping basket page and mail it to:

Anthropologie
4010 Rose Lane
Augusta, GA 30907
Attn: Order Processing


Please note that email is not encrypted and is not considered a secure means of transmitting credit card numbers. We will never ask for sensitive information via email.

*Secure Socket Layer (SSL) is a technology used by vendors to ensure the security of online business. It negotiates and employs the essential functions of mutual authentication, data encryption and data integrity for secure transactions.</SUBTEXT>
    </SECTION>
    <SECTION>
        <SUBTITLE>Policy Changes</SUBTITLE>
        <SUBTEXT>Anthropologie.com may periodically update this Privacy &amp; Security Policy for new, unanticipated uses not previously disclosed. Any changes made will be posted here. By visiting our website you agree to accept any changes made to this policy. The anthropologie.com Privacy &amp; Security Policy only addresses the use and disclosure of information we collect from you on our website.
Feel free to contact us with any questions about our Privacy &amp; Security Policy.
email
service@anthropologie.com
phone
800-309-2500
fax
800.474.8858.
mail
Anthropologie
4010 Rose Lane
Augusta, GA 30907
Attn: Customer Service</SUBTEXT>
    </SECTION>
</POLICY>
