<POLICY modification_date="April 01, 2013" policy_url="http://www.bbb.org/council/about/privacy-policy/" website_category="Home" website_index="023" website_url="bbb.org">
    <SECTION>
        <SUBTITLE />
        <SUBTEXT>The Council of Better Business Bureaus (CBBB) is the umbrella association for the United States Better Business Bureaus (BBBs), and CBBB works closely with the Canadian Better Business Bureaus (BBBs) through the Canadian Council of Better Business Bureaus. What follows is CBBB's online privacy policy, which governs personal information gathered on our Internet sites but not the sites of BBBs. Each BBB has its own privacy and security policies for its Web site, consistent with policy established by the CBBB Board of Directors.</SUBTEXT>
    </SECTION>
    <SECTION>
        <SUBTITLE>CBBB's Commitment to Online Security</SUBTITLE>
        <SUBTEXT>Physical, electronic and managerial procedures have been employed to safeguard the security and integrity of personal information. CBBB encrypts billing information wherever CBBB requests it. All CBBB agents and contractors with access to personal information obtained on CBBB Web sites are also bound to adhere to this policy as part of their contract with CBBB.</SUBTEXT>
    </SECTION>
    <SECTION>
        <SUBTITLE>Personal Information that CBBB May Collect Online</SUBTITLE>
        <SUBTEXT>CBBB collects personal information online, including names, postal and e-mail addresses, phone and facsimile numbers, billing information, vehicle information such as vehicle identification numbers, and complaint information. CBBB may also collect business information from sole proprietorships that apply for accreditation and for program participation, some of which could constitute personal information, as well as personal information from individuals acting solely in their business capacity.
CBBB does not knowingly collect or maintain any personal information from children under the age of 13. In addition, no part of our sites are designed with the purpose of attracting any person under age 13.</SUBTEXT>
    </SECTION>
    <SECTION>
        <SUBTITLE>How CBBB Uses Personal Information Collected Online</SUBTITLE>
        <SUBTEXT>Unless you otherwise consent, we will use your personal information only for the purpose for which it is submitted, such as to reply to your emails, handle your complaints, and process billing and business requests related to program participation, and we will use such information to provide operational notices, in program record-keeping and to conduct research on industry marketplace practices. Our research may lead to the publication of aggregate demographical data but will not result in the reporting or publication of any personal information provided to us. At certain points where personal information is collected on our site, there may be a box where you may indicate you would like to be on a mailing list to receive information about other CBBB programs and services and about ways to support CBBB and the CBBB Foundation/BBB Wise Giving Alliance. This election box only appears in places where the department collecting personal information maintains such lists. At any time you can add or remove your name from a CBBB list by contacting us at unsubscribe@council.bbb.org.</SUBTEXT>
    </SECTION>
    <SECTION>
        <SUBTITLE>How Your Information May Be Shared</SUBTITLE>
        <SUBTEXT>In order to process a complaint, CBBB may send the complaint to the BBB where the company complained about is headquartered, handle it itself, or refer the complaint to another appropriate organization for handling. For example, CBBB normally handles complaints against charities and certain automobile manufacturers and CBBB or the appropriate BBB may handle complaints against foreign businesses or CBBB may refer such complaints to an appropriate foreign organization. Depending on the type of complaint, either CBBB or BBB will also transfer complaints to the company complained about. Further, when we receive a request or inquiry that a BBB must handle, we forward the request or inquiry to the appropriate BBB. By completing a complaint form or sending us a request or inquiry, you are allowing us to forward your information to the appropriate BBB, if necessary, and potentially also to the proper business. Consumer inquiries will be forwarded to the appropriate BBB by email, and consumers should recognize that this method of transmission may not be secure. Without submission of the requested information, CBBB will not be able to process your complaint.
We never sell or rent your personal information.
CBBB may also release personal information under the following circumstances:

Where release is required by law (for example, a subpoena) or regulation or is requested by a government agency;

Where our records indicate a company may be engaged in fraudulent activity or other deceptive practices that a governmental agency should be made aware of;

To appropriate governmental authorities, where warranted by a company's failure to participate in the advertising self-regulatory process or respond to an online privacy complaint, or where a company fails to honor the recommendations of the National Advertising Division, Children's Advertising Review Unit or National Advertising Review Board;

To appropriate persons, where your communication suggests possible harm to others.</SUBTEXT>
    </SECTION>
    <SECTION>
        <SUBTITLE>Help Us Keep Your Personal Information Accurate</SUBTITLE>
        <SUBTEXT>If your personal information changes or you would like to review the personal information we may have on file, please e-mail us with the new information or your review request at unsubscribe@council.bbb.org . Let us also know what led to your submission of personal information so we may efficiently locate your information</SUBTEXT>
    </SECTION>
    <SECTION>
        <SUBTITLE>Computer Tracking and Cookies</SUBTITLE>
        <SUBTEXT>Our Web sites are not set up to track, collect or distribute personal information not entered by visitors. Our site logs do generate certain kinds of non-identifying site usage data, such as the number of hits and visits to our sites. This information is used for internal purposes by technical support staff to provide better services to the public and may also be provided to others, but again, the statistics contain no personal information and cannot be used to gather such information.
Our Web sites also recognize the online site where a visitor "clicked-to-check" on the BBBOnLine seal of a BBBOnLine program participant, but we cannot identify the visitor or the visitor's address. Site information is used to confirm participation in the BBBOnLine program and may be used to advise participants of the numbers of visitors who come to our site from their sites. No personal information is collected.
A cookie is a small amount of data that is sent to your browser from a Web server and stored on your computer's hard drive. CBBB uses non-identifying cookies to provide easier site navigation and access to forms. You can still use CBBB sites if your browser is set to reject cookies. Our cookies do not generate personal data, do not read personal data from your machine and are never tied to anything that could be used to identify you.</SUBTEXT>
    </SECTION>
    <SECTION>
        <SUBTITLE>Problems or Complaints with CBBB Privacy Policy</SUBTITLE>
        <SUBTEXT>If you have a complaint about CBBB compliance with this privacy policy, you may contact us at complaints@council.bbb.org.

Revised April 2013</SUBTEXT>
    </SECTION>
</POLICY>
