<POLICY modification_date="May 08, 2012" policy_url="http://www.aeropostale.com/helpdesk/index.jsp?display=safety&amp;subdisplay=privacy" website_category="Shopping" website_index="093" website_url="aeropostale.com">
    <SECTION>
        <SUBTITLE />
        <SUBTEXT>PRIVACY POLICY

Aéropostale, Inc. and our subsidiary, P.S. From Aéropostale, Inc. (collectively, "Aéropostale", "we" or "us") recognize that the users and customers ("you") of our web sites, Aéropostale.com and PS4U.com (each a "Web Site" and collectively, the "Web Sites"), care how information about them is used and shared. We have created this Privacy Policy ("Privacy Policy") to inform you of our information collection, use and sharing practices for the Web Sites.

Please be advised that the practices described in this Privacy Policy apply only to information gathered through our stores and Web Sites and, where applicable, through the Web Sites' Customer Service Department in connection with the Web Site, and do not necessarily reflect our practices with respect to information gathered through other web sites that we operate or through other off-line means.

If you have any questions regarding this Privacy Policy, you should contact the Web Sites' Customer Service Department by e-mail at customerservice@aeropostale.com, by phone at 877-289-2376 or write to us at:

Aeropostale.com
Attn: Aéropostale Customer Service
915 S. Babcock St.
Melbourne, FL 32901</SUBTEXT>
    </SECTION>
    <SECTION>
        <SUBTITLE>What Information About Me Is Collected, Stored and Used?</SUBTITLE>
        <SUBTEXT>We collect and store information that you enter into this Web Site or that you provide through this Web Site's Customer Service Department. For example, when you open an account or place an order, we collect and store some or all of the following information that you provide: name, billing address, shipping address, email address, telephone number, credit card number and expiration date ("Personal Information"). This information is used to provide the products and services that you have ordered or requested, to process and ship orders, to send order and shipping confirmations and to provide customer service. Some of this information also may be used to contact you about new products, sales, promotions, special offers, and events, product and customer surveys and new site features, unless you have opted not to receive promotional communications in connection with this Web Site.

We collect and store certain other information automatically whenever you interact with our Web Sites. For example, we collect your IP address, browser information and reference site domain name every time you visit the Web Sites. We also collect information regarding customer traffic patterns and site usage. This information is used to analyze and improve the Web Sites and to provide our customers with a fulfilling shopping experience.

Also, like many web sites, we use "cookies", which are files stored on your computer's hard drive by your browser. Cookies help us to identify account holders and to optimize their shopping experience. Cookies also allow us to hold selections in a shopping cart when a user leaves our Web Site without checking out. Most browsers accept cookies automatically but allow you to disable them. We recommend that you leave cookies "turned on" so that we can offer you a better shopping experience on our Web Sites.

We also may collect and store information about you that we receive from other sources, to enable us to update and correct the information contained in our database and to provide product recommendations and special offers that we think will interest you.</SUBTEXT>
    </SECTION>
    <SECTION>
        <SUBTITLE>Is Information Collected From Children?</SUBTITLE>
        <SUBTEXT>We are fully aware of the concerns regarding the collection of personal information from children. As a result, we do not sell or ship any items ordered through our Web Sites directly to anyone who we know to be under the age of 13, nor do we collect any personal information from anyone who we know to be under the age of 13. If you are under the age of 13, you should use our Web Sites only with the involvement of a parent or guardian and should not submit any personal information to us. If a parent or guardian becomes aware that a child under the age of 13 has submitted personal information on our Web Site, please contact the Web Site's Customer Service Department by phone at 877-289-2376, and we will remove the personal information about the individual from our database.</SUBTEXT>
    </SECTION>
    <SECTION>
        <SUBTITLE>With Whom Do You Share Information?</SUBTITLE>
        <SUBTEXT>We do not share with others any personal information that you provide to us through our Web Sites or through the Web Sites' Customer Service Department, except with your consent or as described in this Privacy Policy.

We may share personal information that you provide to us through our stores, the Web Site or through the Web Sites' Customer Service Department with our affiliates, strategic and/or marketing partners and with our service providers. Certain of our affiliates and service providers may share this personal information with their affiliates and with service providers whom they engage to perform services related to the Web Sites or the operation of our business. Examples of these services include payment processing and authorization, fraud protection and credit risk reduction, product customization, order fulfillment and shipping, marketing and promotional material distribution, web site evaluation, data analysis and, where applicable, data cleansing. These service providers are authorized to use this personal information only in connection with the services they are engaged to perform.

We may release personal information if we believe in good faith that: the law or legal process requires it; we have received a valid administrative request from a law enforcement agency; or such release is necessary to protect the rights, property or safety of Aéropostale, or any of our affiliates, service providers, customers or others.

We may share non-personal information with our marketing partners, advertisers and others from time to time. Examples of such non-personal information include the number of users who visited this Web Site during a specific time period or purchased a specific product through this Web Site. This information generally is shared in an aggregated form.</SUBTEXT>
    </SECTION>
    <SECTION>
        <SUBTITLE>What Steps Are Taken To Keep Personal Information Secure?</SUBTITLE>
        <SUBTEXT>Various security measures, including Secure Socket Layer (SSL) encryption technology, are used to protect personal information that we collect. If you place an order through our Web Sites, you will be asked to set up an account and provide an email address and password. You must provide an appropriate email address and password in order to access account information. In order to help protect your personal information further, you should be careful about providing your password to others. If you wish to cancel your password, or if you become aware of any loss, theft or unauthorized use of your password, please contact this Web Site's Customer Service Department by email at customerservice@aeropostale.com or by phone at 877-289-2376.</SUBTEXT>
    </SECTION>
    <SECTION>
        <SUBTITLE>How Can I Access, Correct and Update Personal Information?</SUBTITLE>
        <SUBTEXT>You can access, correct and update certain personal information that you have provided to us by clicking on "Manage Your Account" within the Help Desk area of this Web Site.</SUBTEXT>
    </SECTION>
    <SECTION>
        <SUBTITLE>Can I Indicate Whether or Not I Want To Receive Promotional Communications?</SUBTITLE>
        <SUBTEXT>There are several ways in which you can tell us whether or not you want to receive promotional communications from us. When you set up an account, or click on "Manage Your Account" within the Help Desk area, or place an order, you will have an opportunity to make or change your selections in this regard. You also will have an opportunity to change these selections by clicking on an "unsubscribe" hyperlink contained in promotional emails we send you.</SUBTEXT>
    </SECTION>
    <SECTION>
        <SUBTITLE>What Happens When I Link To or From Another Web Site?</SUBTITLE>
        <SUBTEXT>Our Web Sites may contain links to other web sites operated by affiliates of Aéropostale or third parties. Please be advised that the practices described in this Privacy Policy do not apply to information gathered through these other web sites and that we are not responsible for the privacy policies, practices or contents of these other web sites. We encourage you to be aware of when you leave our Web Site and to read the privacy policies of each and every web site that you visit.</SUBTEXT>
    </SECTION>
    <SECTION>
        <SUBTITLE>What About Contests and Sweepstakes?</SUBTITLE>
        <SUBTEXT>When we run a contest or sweepstakes relating to our Web Site, it will be accompanied by a set of rules. The rules for each contest/sweepstakes will specify how the information gathered from you for entry will be used and disclosed, if different than as described in this Privacy Policy.</SUBTEXT>
    </SECTION>
    <SECTION>
        <SUBTITLE>California Privacy Rights</SUBTITLE>
        <SUBTEXT>Pursuant to California Civil Code Section 1798.83, if you live in the State of California, you may request certain information about the type of your Personal Information we share with third parties for direct marketing purposes and the identity of any such third party. Once per calendar year, California residents may request this information by contacting us by e-mail at customerservice@aeropostale.com, by phone at 877-289-2376 or by writing to us at: Aeropostale.com, Attn: Aéropostale Customer Service, 915 S. Babcock St., Melbourne, FL 32901.</SUBTEXT>
    </SECTION>
    <SECTION>
        <SUBTITLE>Additional Information</SUBTITLE>
        <SUBTEXT>No transmission of data over the Internet is guaranteed to be completely secure. It may be possible for third parties not under the control of Aéropostale to intercept or access transmissions or private communications unlawfully. While we strive to protect your Personal Information, neither Aéropostale nor any of our service providers can ensure or warrant the security of any information you transmit to us. Any such transmission is done at your own risk. If you choose to visit our Web Sites, your visit and any dispute over privacy is subject to this Privacy Policy and our Terms of Use including but not limited to limitations of damages and application of the law of the State of New York. UNDER NO CIRCUMSTANCES, INCLUDING BUT NOT LIMITED TO NEGLIGENCE, SHALL AÉROPOSTALE OR ANY OF OUR SERVICE PROVIDERS OR AFFILIATES BE LIABLE FOR ANY SPECIAL, INCIDENTAL OR CONSEQUENTIAL DAMAGES THAT RESULT FROM THE USE OF THE INFORMATION OR MATERIALS ON THE AÉROPOSTALE.COM OR PS4U.COM SITE, EVEN IF AÉROPOSTALE OR ANY OF OUR SERVICE PROVIDERS OR AFFILIATES, OR AN AUTHORIZED REPRESENTATIVE OF AÉROPOSTALE OR ANY OF OUR SERVICE PROVIDERS OR AFFILIATES HAS BEEN ADVISED OF THE POSSIBILITY OF SUCH DAMAGES.</SUBTEXT>
    </SECTION>
    <SECTION>
        <SUBTITLE>Acceptance of Terms</SUBTITLE>
        <SUBTEXT>By using our Web Sites, you signify your acceptance of our Privacy Policy. By providing Personal Information to us through the Web Site, you signify your acceptance of our Privacy Policy with respect to the collection and use of Personal Information. If you do not agree to this Privacy Policy, please do not use our Web Site. Your continued use of the Web site following the posting of changes to these terms will mean that you accept these changes accordingly.</SUBTEXT>
    </SECTION>
    <SECTION>
        <SUBTITLE>How Will I Be Informed About Changes Regarding This Privacy Policy?</SUBTITLE>
        <SUBTEXT>We reserve the right to modify this Privacy Policy at any time. If we modify this Privacy Policy, we will post the revised Privacy Policy on the Web Sites. We also may post a notice on the Web Sites or send an email describing the changes. You should check the Web Site regularly to see if any recent changes to this Privacy Policy have occurred.</SUBTEXT>
    </SECTION>
</POLICY>
