<POLICY modification_date="" policy_url="http://www.besthealthmag.ca/Privacy" website_category="Health" website_index="072" website_url="besthealthmag.ca">
    <SECTION>
        <SUBTITLE>Privacy</SUBTITLE>
        <SUBTEXT>Unless otherwise indicated, the policies below are applicable to www.readersdigest.ca, www.ourcanada.ca and www.besthealthmag.ca, all of which are operated by The Reader's Digest Association (Canada) ULC.

Online Policy for Individuals Under 18 Years Old

No personal information should be submitted or posted on our web sites by individuals under 18 years of age.

We do not knowingly use information collected from online guests 17 years of age or under for any marketing or promotional purposes whatsoever. Unless otherwise disclosed at collection, we do not provide any personally identifying information collected through our web sites from individuals 17 years old and under, regardless of its source, to any third party for any purpose whatsoever.

Note to parents: If your child has submitted his or her name through one of our web sites, and you wish to communicate with us, please do so via one of the channels mentioned below.</SUBTEXT>
    </SECTION>
    <SECTION>
        <SUBTITLE>Personal Information</SUBTITLE>
        <SUBTEXT>The information that may be gathered through our web sites is submitted to us voluntarily and knowingly by site users.  When you browse our sites, personal information is not collected.

From time to time we may make names and postal addresses we have collected available to our affiliated third parties.  These are reputable companies whose products and/or services we feel may interest you.
We may provide aggregate statistics about our customers, user traffic patterns and related site information to reputable third parties for statistical analysis, but these statistics will not include personally identifying information.
Demographic and preference information may be provided to allow advertising on our web sites to be targeted, in aggregate, to the users for whom they are most appropriate.
We use credit card numbers submitted to us through our web sites for payment purposes only, and not for marketing purposes. We utilize industry standard secure encryption technology to ensure the privacy and security of the credit card numbers of anyone who places online orders with us.</SUBTEXT>
    </SECTION>
    <SECTION>
        <SUBTITLE>Receiving E-mail and Postal Correspondence</SUBTITLE>
        <SUBTEXT>By submitting a form on our web sites you will be entitled to receive e-mail correspondence from us. Both our e-mail and postal correspondence may include subscriber-only special offers, including discounts, free gifts, opportunities to win cash and prizes, as well as opportunities to enter the Reader's Digest sweepstakes. Our purpose is to provide users with useful information and offers that will interest them. Please note Reader's Digest will not share e-mail addresses we collect through our web sites with any unaffiliated third parties unless we specify at the point of collection. Every e-mail we send out will include an explanation on how to opt out from receiving future e-mail correspondence. You may also opt out of being included in our postal mailing list at any time, by following the instructions below.</SUBTEXT>
    </SECTION>
    <SECTION>
        <SUBTITLE>Your Privacy Choices</SUBTITLE>
        <SUBTEXT>Receiving e-mail messages from us is optional. If, at any time, you prefer not to receive e-mail marketing information from us, simply follow the unsubscribe options at the bottom of each e-mail. For more information on how to unsubscribe from e-mail marketing, click here.

If, at any time, you prefer not to receive offers and/or other correspondence by mail or telephone originated by Reader's Digest and its third party affiliates, you may choose to opt-out by calling 1-866-659-2887 or writing to us at the address below.

Privacy Office
Reader's Digest Association (Canada) ULC
P.O. Box 974, Stn. Main
Markham, Ontario L3P 0K6.

To view and edit your existing personal information, or for more information on how to view and edit your personal information, click here.

For general customer-service questions not related to privacy issues, please click here to visit our online Customer Care Centre. For customer-service purposes, we maintain a record of e-mail messages and addresses sent to us, as well as any replies we may have sent in return.</SUBTEXT>
    </SECTION>
    <SECTION>
        <SUBTITLE>Hyperlinks to Other Web Sites</SUBTITLE>
        <SUBTEXT>Our web sites may include links to web sites of other companies unaffiliated with us. Please note that we are unable to review all such sites and take no responsibility for the content of any unaffiliated web site.</SUBTEXT>
    </SECTION>
    <SECTION>
        <SUBTITLE>Cookies and Server Logs</SUBTITLE>
        <SUBTEXT>Reader's Digest, Best Health and Our Canada as well as related web-hosting providers and advertisers sometimes utilize "cookie" technology. Cookies are bits of data stored on your local hard drive which help enhance your web-browsing experience.  Not all web browsers accept cookies, and those that do usually provide a preference or setting which allow you to refuse cookies. If your browser does not accept cookies, you may not be able to fully participate in all our web sites' features, including registration and entry into contests, prize draws and sweepstakes.

Server logs capture certain non-personally identifying data, such as the time and date of a web visit, the browser and operating system being used, the IP address or domain name of the user's ISP, and the web URL a user linked from.  This information is used in aggregate form to help us plan system enhancements when necessary and to provide content which is compatible with our visitors' web browsing systems.</SUBTEXT>
    </SECTION>
    <SECTION>
        <SUBTITLE>Acceptance of Privacy Policy Terms and Conditions</SUBTITLE>
        <SUBTEXT>By using this site, you signify your agreement to the terms and conditions of the Privacy Policy. If you do not agree with this policy, please do not use this site. We reserve the right, at our discretion, to change, modify, add, or remove portions of this policy at anytime. Please check this page periodically for any changes. Your continued use of our web sites following the posting of any changes to these terms shall mean that you have accepted those changes.</SUBTEXT>
    </SECTION>
</POLICY>
