<POLICY modification_date="" policy_url="http://www.flamingtext.com/privacy.html" website_category="Kids_and_Teens" website_index="074" website_url="flamingtext.com">
    <SECTION>
        <SUBTITLE />
        <SUBTEXT>Privacy Notice
This privacy notice discloses the privacy practices for FlamingText.com. This privacy notice applies solely to information collected by this web site which encompasses both our Logo Design Tool and ImageBot products. It will notify you of the following:

What information is collected from you through the web site, how it is used and with whom it may be shared.
What choices are available to you regarding the use of your data.
The security procedures in place to protect the misuse of your information.
How you can correct any inaccuracies in the information.</SUBTEXT>
    </SECTION>
    <SECTION>
        <SUBTITLE>Collection and Use of Information</SUBTITLE>
        <SUBTEXT>Personally identifiable information. We are the sole owners of the information collected on this site. We only have access to and collect personally identifiable information that you voluntarily give us via email or other direct contact from you. We will not sell or rent any personally identifiable information to anyone.

We will use your information to respond to you, regarding the reason you contacted us. Unless you ask us not to, we may contact you via email in the future to tell you about new products or services, surveys or contests, or changes to this privacy policy.

Non-personally identifiable information. We collect non-personally identifiable information which is data that has not been directly associated to any specific individual. This includes keeping track of user activity as well as collecting the images that are created on our site. We may log information regarding user execution environments (eg. browser type, operating system, remote address). We also aggregate demographic information about users such as age, gender, location.

We use non-personally identifiable information to better understand our users so that we can improve our products, services and marketing strategies.</SUBTEXT>
    </SECTION>
    <SECTION>
        <SUBTITLE>Sharing of Information</SUBTITLE>
        <SUBTEXT>We share aggregated demographic information with our advertisers to enable them to better target ad content to our users.

From time to time, you may be offered the opportunity to receive materials or special offers from third parties. If you opt-in to receive such information, we will with your permission share your name, email address and other information that you opt to provide to them.

We will not share your personally identifiable information with any third party outside of our organization other than as necessary to fulfill your request, to comply with the law or to satisfy any requirements in the event of a company reorganization that may involve the merger, acquisition or sale of our assets.</SUBTEXT>
    </SECTION>
    <SECTION>
        <SUBTITLE>Your Access To and Control Over Information</SUBTITLE>
        <SUBTEXT>You may opt out of any future contacts from us at any time. You can do the following at any time by contacting us via the contact form or phone number given on our website:

See what data we have about you, if any.
Change/correct any data we have about you.
Have us delete any data we have about you.
Express any concern you have about our use of your data.</SUBTEXT>
    </SECTION>
    <SECTION>
        <SUBTITLE>Security</SUBTITLE>
        <SUBTEXT>We take precautions to protect your information. When you submit sensitive information via the website, your information is protected both online and offline.

Wherever we collect sensitive information (such as credit card data), that information is encrypted and transmitted to us in a secure way. You can verify this by looking for a closed lock icon at the bottom of your web browser, or looking for "https" at the beginning of the address of the web page.

While we use encryption to protect sensitive information transmitted online, we also protect your information offline. Only employees who need the information to perform a specific job are granted access to personally identifiable information. The computers/servers in which we store personally identifiable information are kept in a secure environment.</SUBTEXT>
    </SECTION>
    <SECTION>
        <SUBTITLE>Registration</SUBTITLE>
        <SUBTEXT>A user may be required to first complete a registration form in order to use particular services of this site. During registration a user is required to give certain information (such as name and email address). This information is used to contact you about the products and services on our site in which you have expressed interest. At your option, you may also provide demographic information (such as gender) about yourself, but it is not required. We require your age to ensure you are 13 or older (COPPA).</SUBTEXT>
    </SECTION>
    <SECTION>
        <SUBTITLE>Third Party Advertisers</SUBTITLE>
        <SUBTEXT>This site uses the services of Google, CasaleMedia, ValueClick and other third parties to serve advertisements for promotions and other marketing messages when you visit our site. These companies may use information about your visits to this and other Web sites in order to target advertisements for goods and services that are of interest to you. If you would like more information about this practice, including your choices about not having this information used by these companies, please visit Google, ValueClick, Casale Media. Exponential (Tribal Fusion).

You can opt-out of most advertising at the NAI Gateway.</SUBTEXT>
    </SECTION>
    <SECTION>
        <SUBTITLE>Cookies</SUBTITLE>
        <SUBTEXT>We use "cookies" on this site. A cookie is a piece of data stored on a site visitor's hard drive to help us improve your access to our site and identify repeat visitors to our site. For instance, when we use a cookie to identify you, you would not have to log in a password more than once, thereby saving time while on our site. Some services on this web site require that you are a registered user. To determine if you are registered and currently logged in, we use a cookie to keep track of this information.

Some of our business partners may use cookies on our site (for example, advertisers). However, we have no access to or control over these cookies.</SUBTEXT>
    </SECTION>
    <SECTION>
        <SUBTITLE>Links</SUBTITLE>
        <SUBTEXT>This web site contains links to other sites. Please be aware that we are not responsible for the content or privacy practices of such other sites. We encourage our users to be aware when they leave our site and to read the privacy statements of any other site that collects personally identifiable information.</SUBTEXT>
    </SECTION>
    <SECTION>
        <SUBTITLE>Surveys &amp; Contests</SUBTITLE>
        <SUBTEXT>From time-to-time our site requests information via surveys or contests. Participation in these surveys or contests is completely voluntary and you may choose whether or not to participate and therefore disclose this information. Information requested may include contact information (such as name and shipping address), and demographic information (such as zip code, age level). Contact information will be used to notify the winners and award prizes. Survey information will be used for purposes of monitoring or improving the use and satisfaction of this site.

If you feel that we are not abiding by this privacy policy or if you have questions about this policy or suggestions on how to make it better, please contact us.</SUBTEXT>
    </SECTION>
</POLICY>
