<POLICY modification_date="" policy_url="https://www.codeschool.com/privacy_policy" website_category="Kids_and_Teens" website_index="088" website_url="codeschool.com">
    <SECTION>
        <SUBTITLE />
        <SUBTEXT>Privacy Policy
This Privacy Policy applies to all products and services offered through Code School.</SUBTEXT>
    </SECTION>
    <SECTION>
        <SUBTITLE>What We Collect and How It's Used</SUBTITLE>
        <SUBTEXT>INFORMATION YOU PROVIDE
When you sign up for or use our products, we may request personal information from you. We will not sell this information to others, but may use it to offer you additional products, promotions, or for future development ideas.
COMMUNICATIONS
When you communicate with Code School, through email or other means, we may retain copies or transcripts. These will be used for such things as internal training, responses to your inquiries, suggestions, or ways to improve the quality of our product.</SUBTEXT>
    </SECTION>
    <SECTION>
        <SUBTITLE>Sharing Your Information</SUBTITLE>
        <SUBTEXT>Unless we have your permission or applicable laws are being enforced, we will not share your sensitive information.
Should Code School ever merge with, acquire, or be sold to another company, you will be notified prior to your personal information being transferred and subjected to a different Privacy Policy.</SUBTEXT>
    </SECTION>
    <SECTION>
        <SUBTITLE>Security of Your Information</SUBTITLE>
        <SUBTEXT>Since you provide us with sensitive information, we take every measure possible to protect your information against unauthorized access or disclosure. Access to your information is restricted to employees or contractors of Envy Labs who are bound by confidentiality obligations and non-disclosure agreements.</SUBTEXT>
    </SECTION>
    <SECTION>
        <SUBTITLE>Changes</SUBTITLE>
        <SUBTEXT>We may update or change our Privacy Policy as needed. We will notify you of any significant changes.</SUBTEXT>
    </SECTION>
</POLICY>
