<POLICY modification_date="October 08, 2013" policy_url="https://www.eventbrite.com/privacypolicy/" website_category="Business" website_index="057" website_url="eventbrite.com">
    <SECTION>
        <SUBTITLE />
        <SUBTEXT>Privacy Policy
Last updated: October 8, 2013
View summary of recent updates</SUBTEXT>
    </SECTION>
    <SECTION>
        <SUBTITLE>About Eventbrite</SUBTITLE>
        <SUBTEXT>Welcome to Eventbrite. Eventbrite, Inc. ("Eventbrite", "we", "us" and/or "our") enables people all over the world to plan, promote, and sell tickets to any event. And we make it easy for everyone to discover events, and to share the events they are attending with the people they know. We do this through our websites and domains, the services available on or through our websites and domains or otherwise provided by us, and the software available on or through our websites and domains or otherwise provided by us (including our mobile applications such as At The Door®, Entry Manager and the Eventbrite app) (collectively, the "Services").</SUBTEXT>
    </SECTION>
    <SECTION>
        <SUBTITLE>Our Policy</SUBTITLE>
        <SUBTEXT>This Privacy Policy sets forth our policy with respect to information, including personally identifiable information ("Personal Data"), that is collected from users of and/or visitors to the Services (including through those users' and visitors' agents) ("you" or "your"), including (i) registered users who are event organizers, planners and charitable organizations ("Organizers"), (ii) users who want to purchase tickets to, register for or donate to events (whether free or paid) listed by Organizers on the Services ("Buyers"), and (iii) other non-Organizer users or visitors to the Services ("other non-Organizers").
We take the privacy of your Personal Data and other information seriously. Because of that, we have created this Privacy Policy. Please read this Privacy Policy as it includes important information regarding your Personal Data and other information.
If you have any questions or concerns, please do not hesitate to contact us by using the following link: https://www.eventbrite.com/contact-us.
CONSENT:
By using the Services or allowing someone to use the Services on your behalf, you are consenting to our collection, use, disclosure, transfer and storage in accordance with this Privacy Policy of any Personal Data or other information received by us as a result of such use.</SUBTEXT>
    </SECTION>
    <SECTION>
        <SUBTITLE>Information We Collect</SUBTITLE>
        <SUBTEXT>When you interact with us through the Services, we may collect Personal Data and other information from you, as further described below:
1. Personal Data:
Organizers: We collect Personal Data from you when you voluntarily provide such information to the Services, such as when you register for access to the Services as an Organizer, contact us with inquiries, respond to one of our surveys or use certain Services. The Personal Data we may collect includes without limitation your name, address, email address and other personally identifiable information. In some cases we may collect your credit card information (e.g., your credit card number and expiration date, billing address, etc.), some of which may constitute Personal Data, to secure certain payments. In addition, if you use our payment processing services, we will collect financial information from you (e.g., your bank account information or an address to send checks) as necessary to facilitate payments and information required for tax purposes (e.g., your taxpayer identification number).
Buyers and other non-Organizers: We collect Personal Data from you when you voluntarily provide such information to the Services (including event registration pages within the Services), such as when you register for access to the Services (whether as an Organizer or otherwise), register for an event as a Buyer, contact us with inquiries, respond to one of our surveys or use certain parts of the Services. The Personal Data we may collect includes without limitation your name, address, email address, zip code and other personally identifiable information. If you register for a paid event, we will collect financial information from you (e.g., your credit card number and expiration date, billing address, etc.) some of which may constitute Personal Data. In addition, Organizers can set up event registration pages to collect virtually any information from Buyers in connection with registration for an Organizer's event listed on the Services. If a Buyer voluntarily provides that information in connection with registration for an event or otherwise, it will be available to us and will be held by us in accordance with this Privacy Policy. In addition, such information will be delivered to the Organizer of the applicable event in accordance with "Our Disclosure of Information That We Collect: Organizers" below.
Privacy Policy Links: We make an effort to provide a link to this Privacy Policy in the footer of every page on our websites, including those pages on which Personal Data is collected, and to make it available in all of our software.
2. Non-Personal Data:
Non-Identifiable Data: When you interact with the Services, we collect certain personally non-identifiable information ("Non-Personal Data"). The Non-Personal Data we collect includes without limitation Internet Protocol (IP) addresses, Internet browser type, other characteristics of your device and software, domain names of your Internet Service Provider, your approximate geographic location, a record of your usage of the Services, the time of your usage and aggregated Personal Data that cannot be used to specifically identify you. Such information, which is collected passively using various technologies, cannot, in and of itself, be used to specifically identify you. We also collect Non-Personal Data (including, without limitation, of the type set forth above) from third parties. The information we collect from third parties may be combined with the information we collect.
Aggregated Personal Data: In an ongoing effort to better understand and serve the users of the Services, we often conduct research on our customer demographics, interests and behavior based on Personal Data and other information that we have collected. This research may be compiled and analyzed on an aggregate basis and this aggregate information does not identify you personally and therefore is considered and treated as Non-Personal Data under this Privacy Policy.
3. Cookies, Pixels Tags, Local Shared Objects, Web Storage and Similar Technologies:
Please refer to our Cookie Policy, which is hereby incorporated by reference into this Privacy Policy, for more information about our use of these technologies.</SUBTEXT>
    </SECTION>
    <SECTION>
        <SUBTITLE>Our Use of Information That We Collect</SUBTITLE>
        <SUBTEXT>1. Personal Data:
We use the Personal Data we collect in a manner that is consistent with this Privacy Policy. We may use the Personal Data as follows:
Specific Reason: If you provide Personal Data for a certain reason, we may use the Personal Data in connection with the reason for which it was provided. For instance, if you contact us by e-mail, we will use the Personal Data you provide to answer your question or resolve your problem and will respond to the email address from which the contact came.
Access and Use: If you provide Personal Data in order to obtain access to or use of the Services or any functionality thereof, we will use your Personal Data to provide you with access to or use of the Services or functionality and to monitor your use of such Services or functionality. For instance, if you supply payment information (e.g., bank account or credit card information) to the Services for the purpose of purchasing tickets as a Buyer or processing payments as an Organizer, we will use that information to facilitate such purchase or process such payments.
Internal Business Purposes: We may use your Personal Data for internal business purposes including without limitation to help us improve the content and functionality of the Services, to better understand our users, to improve the Services, to protect against, identify or address wrongdoing, to enforce our Terms of Service, to manage your account and provide you with customer service, and to generally manage the Services and our business.
Marketing: We may use your Personal Data to contact you in the future for our marketing and advertising purposes, including without limitation to inform you about services or events we believe might be of interest to you, to develop promotional or marketing materials and provide those materials to you, and to display content and advertising on or off the Services that we believe might be of relevance to you. In particular, Organizers should note that we may use information we receive or collect regarding Buyers (including without limitation via an Organizer's event registration page) in accordance with the terms of this Privacy Policy, including in the manner set forth above.
Organizer Emails: We allow Organizers to use our email system to contact Buyers for their current and past events, so you may receive emails from our system that originate with such Organizers.
If we intend to use any Personal Data in any manner that is not consistent with this Privacy Policy, you will be informed of such anticipated use prior to or at the time at which the Personal Data is collected or we will obtain your consent subsequent to such collection but prior to such use.
2. Non-Personal Data:
Because Non-Personal Data cannot be used to personally identify you, we may use such information for any lawful purpose.</SUBTEXT>
    </SECTION>
    <SECTION>
        <SUBTITLE>Our Disclosure of Information That We Collect</SUBTITLE>
        <SUBTEXT>1. Personal Data:
We are not in the business of selling your Personal Data. We consider this information to be a vital part of our relationship with you. Therefore, we will not sell your Personal Data to third parties, including third party advertisers. There are, however, certain circumstances in which we may disclose, transfer or share your Personal Data with certain third parties without further notice to you, as set forth below:
Business Transfers: As we develop our business, we might sell or buy businesses or assets. In the event of a corporate sale, merger, reorganization, dissolution or similar event, Personal Data may be part of the transferred assets. You acknowledge and agree that any successor to or acquirer of Eventbrite (or its assets) will continue to have the right to use your Personal Data and other information in accordance with the terms of this Privacy Policy.
Subsidiaries and Affiliates: We may also share your Personal Data with our subsidiaries and/or affiliates for purposes consistent with this Privacy Policy. Our subsidiaries and affiliates will be bound to maintain that Personal Data in accordance with this Privacy Policy.
Agents, Consultants and Related Third Parties: We, like many businesses, sometimes engage other companies to perform certain business-related functions. Examples of such functions include mailing information, ticket fulfillment, fraud prevention, maintaining databases and processing payments. When we engage another company to perform such functions, we may provide them with information, including Personal Data, in connection with their performance of such functions.
Organizers: When you purchase tickets to, register for or donate to an event or related fundraising page on the Services, you consent to our providing your Personal Data to the Organizers of such event and related fundraising page, if applicable. For fundraising pages we may provide your personal information both to the Organizer charity of the fundraising page and the Organizer of the event to which the fundraising page is linked. These Organizers are not bound to treat your Personal Data in accordance with this Privacy Policy. You agree that we are not responsible for the actions of these Organizers with respect to your Personal Data. It is important that you review the applicable policies of the Organizers of an event (and the related fundraising page, if applicable) before providing Personal Data or other information in connection with that event or related fundraising page.
Facebook and Other Third Party Connections: You can connect your Eventbrite account to your accounts on third party services like Facebook, in which case we may collect, use, disclose, transfer and store information relating to your account with such third party services in accordance with this Privacy Policy. For example, if you connect with Facebook, we store your Facebook id, first name, last name, email, location, friends list and profile picture and use them to connect with your Facebook account to provide certain functionality on the Services, like recommending events that your Facebook friends are interested in and sharing the events you are interested in with certain groups of people like your Facebook friends.
Legal Requirements: We may disclose your Personal Data if required to do so by law (including, without limitation responding to a subpoena or request from law enforcement, court or government agency) or in the good faith belief that such action is necessary (i) to comply with a legal obligation, (ii) to protect or defend our rights, interests or property or that of third parties, (iii) to prevent, investigate, or identify possible wrongdoing in connection with the Services, (iv) to act in urgent circumstances to protect the personal safety of users of the Services or the public, or (v) to protect against legal liability.
2. Non-Personal Data:
Because Non-Personal Data cannot be used to personally identify you, we may disclose, transfer or share Non-Personal Data for any lawful purpose.</SUBTEXT>
    </SECTION>
    <SECTION>
        <SUBTITLE>Your Choices</SUBTITLE>
        <SUBTEXT>You have several choices available when it comes to your Personal Data:
Limit the Personal Data You Provide: You can use the Services without providing any Personal Data or with limiting the Personal Data you provide. If you choose not to provide any Personal Data or limit the Personal Data you provide, you may not be able to use certain functionality of the Services. For instance, in order to open an account, or buy or sell tickets, your name and email address will be required.
Opt Out: You can "opt out" of receiving Eventbrite newsletter emails by logging in, clicking on "Account" and following the instructions to "email preferences." You may modify your choices at any time in your Eventbrite account. In the event an Organizer uses our system to email you, you will be able to "opt out" of receiving those communications as well. Please note that if you unsubscribe from receiving a particular Organizer's emails, you will no longer receive emails from the particular Organizer that are sent through our system (but you may still receive emails sent by that Organizer through means other than our system), however, you will still receive Eventbrite communications and communications from other Organizers whose events you have attended or are registered to attend or who have otherwise obtained your email address. Likewise, if you unsubscribe from our communications you will continue to receive communications from Organizers. So you may have to unsubscribe from multiple emails before you stop receiving all communications. You can also unsubscribe from receiving all Organizer emails sent through our system. It may take up to 24 hours for us to process an unsubscribe request. Note that you cannot unsubscribe from update communications about the Services. You can stop receiving Service communications only by contacting us at https://www.eventbrite.com/contact-us and closing your account. By electing to stop receiving all communications from us or through our system you will no longer receive any updates on your account or on events you are registered to attend or have previously attended, including communications regarding refunds. We do not recommend that you do this unless you plan to no longer use the Services, are not currently registered for an event, are not currently organizing an event and will have no need to receive further communications from us or through our system. Even after you opt out of all communications, we will retain your Personal Data and Non-Personal Data in accordance with this Privacy Policy, however, we will no longer use it to contact you. However, Organizers who have received your Personal Data in accordance with this Privacy Policy may still use that Personal Data to contact you in accordance with their own privacy policies, but they may not use our system to do so.
Do Not Track: We currently do not participate in any "Do Not Track" frameworks that would allow us to respond to signals or other mechanisms from you regarding the collection of your Personal Data.
Exclusions:
This Privacy Policy does not apply to any Personal Data collected by us other than Personal Data collected through the Services. This Privacy Policy shall not apply to any unsolicited information you provide to us or another user or visitor through the Services or through any other means. This includes, but is not limited to, information posted to any public areas of the Services, such as bulletin boards, any ideas for new products or modifications to existing products, claim or demand letters, Digital Millennium Copyright Act notices, and other unsolicited submissions (collectively, "Unsolicited Information"). All Unsolicited Information shall be deemed to be non-confidential and we shall be free to reproduce, use, disclose, distribute and exploit such Unsolicited Information without limitation or attribution.
Children:
We do not knowingly collect Personal Data from children under the age of 13. If you are under the age of 13, please do not submit any Personal Data through the Services. We encourage parents and legal guardians to monitor their children's Internet usage and to help enforce our Privacy Policy by instructing their children never to provide Personal Data through the Services without their permission. If you have reason to believe that a child under the age of 13 has provided Personal Data to us through the Services, please contact us, and we will endeavor to delete that information from our databases.
Links to Other Web Sites:
This Privacy Policy applies only to the Services. The Services may contain links to other websites not operated or controlled by us (the "Third Party Sites"). The policies and procedures we described here do not apply to the Third Party Sites. The links from the Services do not imply that we endorse or have reviewed the Third Party Sites. We suggest contacting those sites directly for information on their privacy policies.
Storage and Security:
We may store Personal Data itself or such information may be included in databases owned and maintained by our affiliates, agents or service providers. We take what we believe to be reasonable steps to protect the Personal Data provided via the Services from loss, misuse, unauthorized access, inadvertent disclosure, alteration, and destruction. However, no Internet or e-mail transmission is ever fully secure or error free. In particular, e-mail sent to or from the Services may not be secure. Therefore, you should take special care in deciding what information you send to us via e-mail. Please keep this in mind when disclosing any Personal Data via the Internet.
International Privacy Laws:
If you are visiting our website or using one of our software applications from outside the United States, please be aware that you are sending information (including Personal Data) to the United States where our servers are located. We will hold and process your Personal Data and Non-Personal Data in accordance with privacy laws in the United States and this Privacy Policy. Please note that privacy laws in the United States may not be the same as, and in some cases may be less protective than, the privacy laws in your country.
US-EU &amp; US-Swiss Safe Harbor Programs:
We participate in the US-EU &amp; US-Swiss Safe Harbor Frameworks covering the collection, use and retention of personal information gathered in the European Union member countries and Switzerland. Our participation means that we self certify that we adhere to the Safe Harbor principles of notice, choice, onward transfer, security, integrity, access and enforcement with respect to such personal information. For more information about these frameworks and our participation in them, please visit the US Department of Commerce's Safe Harbor website. If you have any questions about our participation, please contact our Eventbrite Safe Harbor Privacy Contact at Eventbrite, Inc., Attn: Privacy Officer, 651 Brannan Street, Suite 110, San Francisco, CA 94107, USA, or by email to privacy@eventbrite.com.
Other Terms and Conditions:
Your access to and use of the Services is subject to the Terms of Service. If you are using the Eventbrite application programming interfaces (the "Eventbrite APIs"), you are subject to the Eventbrite API Terms of Use.
Changes to This Privacy Policy:
The Services and our business may change from time to time. As a result, at times it may be necessary for us to make changes to this Privacy Policy. We reserve the right, in our sole discretion, to update or modify this Privacy Policy at any time (collectively, "Modifications"). Modifications to this Privacy Policy will be posted to the Eventbrite website with a change to the "Last Updated" date at the top of this Privacy Policy. In certain circumstances Eventbrite may, but need not, provide you with additional notice of such Modifications, such as via email or with in-Service notifications. Modifications will be effective 30 days following the "Last Updated" date or such other date as communicated in any other notice to you. Please review this policy periodically, and especially before you provide any Personal Data. This Privacy Policy was last updated on the date indicated above. Your continued use of the Services following the effectiveness of any Modifications to this Privacy Policy constitutes acceptance of those Modifications. If any Modification to this Privacy Policy is not acceptable to you, your sole remedy is to cease accessing, browsing and otherwise using the Services.
Access to Information:
Organizers may access and update their Personal Data being stored by us by logging in and visiting the My Account page. Organizers may also contact us directly at the address specified below with respect to Personal Data that is not accessible through the My Account page. Buyers and other non-Organizers do not have a formal account with Eventbrite, however, you can create a formal account by signing up. After signing up, you can update and access your Personal Data on the My Account page. Buyers and other non-Organizers can also contact us directly with requests to update Personal Data at the address specified below. We will take reasonable steps to respond to requests relating to Personal Data within 30 days, however, we may reject requests that we find to be unreasonable (i.e., require disproportionate efforts or material changes to our information systems), impractical or abusive (i.e., repetitive requests, requests made in bad faith, requests that would compromise third party information). Note that you may not have access to or the ability to update Non-Personal Data, much of which is held in aggregate form.
Retention and Deletion:
We may retain your Personal Data as long as you continue to use the Services. You may close your account by contacting us. However, we may retain Personal Data and Non-Personal Data for an additional period as is permitted or required under applicable laws. Even if we delete your Personal Data it may persist on backup or archival media and other information systems.
Contacting Eventbrite:
Please also feel free to contact us if you have any questions about this Privacy Policy or our information practices. You may contact us by writing to http://www.eventbrite.com/contact-us or by calling us at 1-800-350-8850.
Dispute Resolution:
If you have a complaint about Eventbrite's privacy practices you should write to us at Eventbrite, Inc., Attn: Privacy Officer, 651 Brannan Street, Suite 110, San Francisco, CA 94107, USA, or by email to privacy@eventbrite.com. We will take reasonable steps to work with you to attempt to resolve your complaint. As part of our participation in the US-EU &amp; US-Swiss Safe Harbor Frameworks, Eventbrite has appointed TRUSTe as its exclusive dispute resolution mechanism for all Safe Harbor Framework related complaints. You may raise such a complaint with TRUSTe by Internet here or by fax to 415-520-3420 or by mail to the TRUSTe Safe Harbor Compliance Department at the address listed here, but in each case only after first contacting our Privacy Officer with your complaint and allowing us a reasonable amount of time to address your complaint. If you are faxing or mailing TRUSTe to lodge a complaint, you must include the following information: the name of the company, the alleged privacy violation, your contact information, and whether you would like the particulars of your complaint shared with the company. For information about TRUSTe or the operation of TRUSTe's dispute resolution process, click here or request this information from TRUSTe at any of the addresses listed above. The TRUSTe dispute resolution process will be conducted in English.</SUBTEXT>
    </SECTION>
</POLICY>
