<POLICY modification_date="" policy_url="http://www.azlyrics.com/privacy.html" website_category="Arts" website_index="032" website_url="azlyrics.com">
    <SECTION>
        <SUBTITLE />
        <SUBTEXT>PRIVACY STATEMENT FOR AZLYRICS.COM

Azlyrics.com has created this privacy statement in order to demonstrate our firm commitment to privacy. The following discloses the information gathering and dissemination practices for this Web site: azlyrics.com</SUBTEXT>
    </SECTION>
    <SECTION>
        <SUBTITLE>Information Automatically Logged</SUBTITLE>
        <SUBTEXT>We use your IP address to help diagnose problems with our server and to administer our Web site.</SUBTEXT>
    </SECTION>
    <SECTION>
        <SUBTITLE>Third Party Advertising</SUBTITLE>
        <SUBTEXT>We use third-party advertising companies to serve ads when you visit our Web site. These companies may use information (not including your name, address, email address or telephone number) about your visits to this and other Web sites in order to provide advertisements on this site and other sites about goods and services that may be of interest to you. If you would like more information about this practice and to know your choices about not having this information used by these companies, please click here.</SUBTEXT>
    </SECTION>
    <SECTION>
        <SUBTITLE>Third Party Cookies</SUBTITLE>
        <SUBTEXT>In the course of serving advertisements to this site, our third-party advertiser may place or recognize a unique "cookie" on your browser.</SUBTEXT>
    </SECTION>
    <SECTION>
        <SUBTITLE>External Links</SUBTITLE>
        <SUBTEXT>This site contains links to other sites. Azlyrics.com is not responsible for the privacy practices or the content of such Web sites.</SUBTEXT>
    </SECTION>
    <SECTION>
        <SUBTITLE>Public Forums</SUBTITLE>
        <SUBTEXT>This site makes chat rooms, forums, message boards, and/or news groups available to its users. Please remember that any information that is disclosed in these areas becomes public information and you should exercise caution when deciding to disclose your personal information.</SUBTEXT>
    </SECTION>
    <SECTION>
        <SUBTITLE>Security</SUBTITLE>
        <SUBTEXT>This site has security measures in place to protect the loss, misuse, and alteration of the information under our control.</SUBTEXT>
    </SECTION>
    <SECTION>
        <SUBTITLE>Contacting the Web Site</SUBTITLE>
        <SUBTEXT>If you have any questions about this privacy statement, the practices of this site, or your dealings with this Web site, you can contact us

Information Automatically Logged</SUBTEXT>
    </SECTION>
</POLICY>
