<POLICY modification_date="April 01, 2013" policy_url="http://www.aaos.org/about/webpolicies/privpol.asp" website_category="Health" website_index="088" website_url="aaos.org">
    <SECTION>
        <SUBTITLE />
        <SUBTEXT>AAOS Privacy Policy
The American Academy of Orthopaedic Surgeons and the American Association of Orthopaedic Surgeons (collectively "AAOS") are committed to maintaining your confidence and trust, and accordingly maintain the following privacy policy to protect the personal information you provide. Some of the personal information AAOS collects is provided online.</SUBTEXT>
    </SECTION>
    <SECTION>
        <SUBTITLE>What Information May Be Collected</SUBTITLE>
        <SUBTEXT>Information from AAOS Fellows and Members
collects certain personal information from its Fellows and Members to ensure that AAOS records are accurate and up-to-date. This information may include:
First and last name
Home or office postal mailing address, including street name and name of city or town
E-mail address (when provided)
Telephone number(s)
Fax number(s) (when provided)
Personal website address (when provided)
Birth date
Gender
Orthopaedic residency program
AAOS Fellowship/Membership status
AAOS identification number
National Provider Identifier (NPI) number (only from those residing in the U.S.A.)
Credit card information (if purchases are made) – AAOS is Payment Card Industry (PCI) compliant; no credit card numbers are stored on our servers
Educational background, including residency sites and dates of certification or recertification by the American Board of Orthopaedic Surgery (ABOS) or the American Osteopathic Board of Orthopaedic Surgery (AOBOS)
Participation in AAOS Continuing Medical Education (CME) programs
Participation in Continuing Medical Education (CME) programs of some other orthopaedic organizations
Certain practice characteristics provided in the biennial Orthopaedic Census
Specialty interests; practice focus histories of search requests on OKO and reprints requested
Market segmentation data
Information regarding the use of Orthopaedic Knowledge Online (OKO)
For purchases, a record of all AAOS examinations, books, CD-ROMs, DVDs, videotapes, audiotapes and patient education materials ordered
At their discretion, Fellows and Members may supply AAOS with certain practice demographic information, including age (adult, child), anatomical, and treatment specialties, and other related information.

In addition, the AAOS may on occasion collect information about AAOS Fellows and Members from various federal agencies (e.g., the Federal Election Commission).
Information from Non-Orthopaedic Surgeons or Orthopaedic Surgeons who are not AAOS Fellows or Members
AAOS collects certain personal information from non-orthopaedic surgeons or from orthopaedic surgeons who are not AAOS Fellows or Members who wish to purchase or obtain AAOS materials or to register for a course. This information may include:
First and last name
Home or office postal mailing address, including street name and name of city or town
E-mail address (when provided)
Telephone number(s) (when provided)
Fax number(s) (when provided)
Birth date
Orthopaedic residency program
AAOS identification number
National Provider Identifier (NPI) number (only from those residing in the U.S.A.)
Credit card information (if purchases are made) – AAOS is Payment Card Industry (PCI) compliant; no credit card numbers are stored on our servers
Age
Gender
Profession and job title; institutional affiliation
Membership in professional organizations
Survey information (e.g., How did you hear about AAOS/ AAOS products? What periodicals does the purchasing decision-maker regularly read?)
Information regarding the use of Orthopaedic Knowledge Online (OKO)
For purchases, a record of AAOS examinations, books, CD-ROMs, DVDs, videotapes, audiotapes and patient education materials ordered
AAOS collects certain personal information online from non-orthopaedists who contact the AAOS to participate in research surveys or to obtain particular orthopaedic information. This information may include:
First and last name
Home or office postal mailing address, including street name and name of city or town
E-mail address (when provided)
Telephone number(s)
Information regarding the use of the Orthopaedic Knowledge Online (OKO)
Personal accounts regarding musculoskeletal care
Information from suppliers of goods and services to AAOS. If AAOS pays an individual or entity for services or goods rendered, an honorarium or a stipend, AAOS collects at a minimum the following information as required by the Internal Revenue Service W-9 form:
First and last name
Home or office postal mailing address, including street name and name of city or town
Tax Identification Number
AAOS does not knowingly collect information from children under age 13.
AAOS encrypts sensitive personal data, such as credit card information, while being processed on the Internet. Credit card information is transmitted securely using SSL encryption.
The AAOS website is not set up to track, collect or distribute personal information about its visitors. It does recognize the home server of visitors, but not e-mail addresses. For example, in the non-password protected areas of the AAOS.org web site, AAOS can determine which Internet service provider our visitors use, but not the names, addresses or other information about our visitors that would allow us to identify the particular visitors to our sites. Once a member or customer logs into the AAOS.org web site, it is possible to determine which areas of the web site they visited.</SUBTEXT>
    </SECTION>
    <SECTION>
        <SUBTITLE>How will this Personal Information Be Used</SUBTITLE>
        <SUBTEXT>Personal information may be used for internal AAOS purposes by authorized AAOS staff.
Personal information will not be released to third parties except as noted below:
To ensure that the American Board of Orthopaedic Surgery (ABOS) has accurate contact information for disseminating Maintenance of Certification (MOC) requirements, the AAOS may provide, on an annual basis, the ABOS with a list of all current Active, Inactive and Emeritus Fellows and Members that includes their mailing address and their e-mail address of record.
Upon request, the AAOS may provide the names and postal mailing addresses of its Fellows and Members to orthopaedic specialty societies that are members of the Board of Specialty Societies (BOS) but which are not managed by AAOS for use in encouraging participation in Continuing Medical Education (CME) programs. Each mailing is subject to the approval of the AAOS and the organization agrees to use the list only once. No more than two (2) mailing lists may be requested in any one calendar year. Notwithstanding the above, the AAOS shall not provide mailing lists for orthopaedic specialty society programs deemed to be in conflict with or in competition with AAOS programs, as determined solely by AAOS. Use of this information for recruiting, updating a database, or to compile additional mailing lists—for any purpose—is expressly prohibited.
Upon request, the AAOS may provide the names and postal mailing addresses of its Fellows and Members to orthopaedic specialty societies that are managed by the AAOS for recruitment purposes or for use in encouraging participation in Continuing Medical Education (CME) programs. Each mailing list is subject to the approval of the AAOS and the organization agrees to use the list only once. No more than three (3) mailing lists may be requested in any one calendar year. Notwithstanding the above, the AAOS shall not provide mailing lists for orthopaedic specialty society programs deemed to be in conflict with or in competition with AAOS programs, as determined solely by AAOS. Use of this information for updating a database or to compile additional mailing lists—for any purpose—is expressly prohibited.
Upon request, the AAOS may provide the names and postal mailing addresses of its Fellows and Members to state and regional orthopaedic societies for recruitment purposes or for use in encouraging participation in Continuing Medical Education (CME) programs. Each mailing is subject to the approval of the AAOS and the organization agrees to use the list only once. No more than two (2) mailing lists may be requested in any one calendar year. Notwithstanding the above, the AAOS shall not provide mailing lists for state and regional orthopaedic society programs deemed to be in conflict with or in competition with AAOS programs, as determined solely by AAOS. Use of this information for updating a database or to compile additional mailing lists—for any purpose—is expressly prohibited.
Upon request, the AAOS may provide the names and postal mailing addresses of its Fellows and Members to other not-for-profit organizations whose missions are consistent with the mission of the AAOS for use in encouraging participation in CME programs. Each mailing is subject to the approval of the AAOS and the organization agrees to use the list only once. Use of this information for updating a database or to compile additional mailing lists—for any purpose—is expressly prohibited.
The AAOS makes available the AAOS Membership Directory at no charge on the Internet to AAOS Fellows and Members. A hard copy version of the AAOS Membership Directory is available for purchase to AAOS Fellows and Members. This Membership Directory contains the name, postal mailing address, telephone and Fax number, membership status, and year of admittance to the AAOS of Fellows and Members. Associate Resident Members, Associate Candidate Members, International Affiliate Members, and International Resident Members are not included in the AAOS Membership Directory.
Members of the public, through the AAOS website's Find an Orthopaedist listing, may obtain limited information about an AAOS Fellow or Member, including only the Fellow or Member's name, office postal mailing address, telephone and fax number, and practice demographics. Each member's status (e.g., resident, candidate member, Fellow, etc.) is also listed. For Fellows, the year they became Fellows accompanies the listing. In addition, AAOS Fellows or Members who have a web site may elect to display its link in the Find an Orthopaedist listing. Use of this information to compile mailing lists—for any purpose—is expressly prohibited.
The Private Membership Directory, accessible only to AAOS members, displays the same information as Find an Orthopaedist but also includes E-mail addresses if known. A member's home city, state, country, and postal code are also listed if known, but not his street address. Use of the Private Membership Directory for the use of compiling e-mail distribution lists—for any purpose—by an AAOS member or anyone working on his or her behalf, is expressly prohibited.
Annual Meeting registration lists, including the medical registrant's name, postal mailing address, and phone number, are available for sale to exhibitors in advance of and after the Annual Meeting. In addition, certain personal information, including the medical registrant's name, postal mailing address, phone number, hospital affiliation and practice focus, is available at the Annual Meeting to exhibitors through a "lead retrieval system" mechanism.
CME course registration lists, including the attendee's name and postal mailing address, are available at no charge to companies providing educational displays and/or providing equipment (for skills courses) after an AAOS CME course.
AAOS may provide the names, postal mailing addresses, and telephone and Fax numbers of AAOS Fellows and Members to third party organizations with whom the AAOS has contracted to provide courses, goods or services.
The National Provider Identifier (NPI) number may be given to exhibitors who are required to report to the government payments they have provided to health care providers, including orthopaedic surgeons.
At the current time, we are aware of no other circumstances under which AAOS will provide personal information collected online to third parties.
AAOS does not provide AAOS membership contact information to third parties for survey distribution purposes. Further, AAOS does not distribute surveys to its membership in behalf of third parties.</SUBTEXT>
    </SECTION>
    <SECTION>
        <SUBTITLE>Can the Personal Information Be Viewed and/or Corrected</SUBTITLE>
        <SUBTEXT>The AAOS encourages its Fellows and Members as well as its Customers to update and correct their personal information regularly online. A review and update section is included on the AAOS web site under the Member Services (www.aaos.org/myprofile) section to make these changes.</SUBTEXT>
    </SECTION>
    <SECTION>
        <SUBTITLE>How Long Will the Personal Information Be Retained</SUBTITLE>
        <SUBTEXT>The AAOS retains personal information regarding AAOS Fellows and Members indefinitely.

AAOS retains customer data for at least five years and as dictated by business and legal requirements.</SUBTEXT>
    </SECTION>
    <SECTION>
        <SUBTITLE>Permission to Disseminate the Personal Information/Opt Out of Its Being Disseminated</SUBTITLE>
        <SUBTEXT>There is currently no mechanism for orthopaedic surgeons, including AAOS Fellows and Members, to opt-out of dissemination to third parties of the personal information described in this policy. It is possible for orthopaedic surgeons to opt out of all AAOS web site functions. Members can via the web site separately unsubscribe to Headline News Now and Advocacy Now. Members can also opt out of the paper version of the Journal of the American Academy of Orthopaedic Surgeons (JAAOS) by contacting Customer Service.

AAOS generally does not disseminate personal information obtained from non-orthopaedic surgeons to third parties.

Effective Date:

This policy has been in effect since June, 2000, and was most recently revised in April 2013. It will continue in effect until further notice from AAOS. Modifications to this policy shall be posted as the “Privacy Policy” linked to the AAOS homepage.</SUBTEXT>
    </SECTION>
</POLICY>
