<POLICY modification_date="" policy_url="http://www.expatriates.com/html/privacy.html" website_category="Society" website_index="075" website_url="expatriates.com">
    <SECTION>
        <SUBTITLE />
        <SUBTEXT>Privacy Statement
We created this privacy policy statement in order to show our firm commitment to your privacy.

In our subscription form we ask for your email address and optionally your name. We do not ask for any additional information. We use your email address to contact you when necessary and to send you classified ads in categories that you have requested. To unsubscribe you may use the unsubscribe form. To remove your published ads, you may request links to remove each ad using the following form.

Your email address is confidential and we will it not make it available, under any circumstances, to commercial third-parties.

When placing ads, our web logs track the current date and time and the IP address used.

In order to enforce its terms of use, expatriates.com may dislose information about its users to law enforcement agencies or others. This is particularly the case if a user defrauds other expatriates.com users, deliberately places an ad impersonating another person, or publishes anothers person's private information.</SUBTEXT>
    </SECTION>
    <SECTION>
        <SUBTITLE>Cookies and Web Beacons</SUBTITLE>
        <SUBTEXT>In the course of paid ads being served on this web site, third parties may be placing and reading cookies on your browser, or using web beacons to collect information.
Most browsers are initially set up to accept cookies, but you can reset your browser to refuse all cookies or to indicate when a cookie is being sent.</SUBTEXT>
    </SECTION>
    <SECTION>
        <SUBTITLE>Advertising</SUBTITLE>
        <SUBTEXT>We use third-party advertising companies to serve ads when you visit our website. These companies may use information (not including your name, address, email address, or telephone number) about your visits to this and other websites in order to provide advertisements about goods and services of interest to you. If you would like more information about this practice and to know your choices about not having this information used by these companies, click here.</SUBTEXT>
    </SECTION>
    <SECTION>
        <SUBTITLE>Public Forums</SUBTITLE>
        <SUBTEXT>Expatriates.com provides a bulletin board for classified ads and a discussion board accessible to any visitor. Please remember that any information you disclose in these areas becomes public information and you should exercise caution when deciding to disclose your personal information. When you post a message either on the bulletin board or the discussion board, your email address is optional.</SUBTEXT>
    </SECTION>
    <SECTION>
        <SUBTITLE>Contacting Us</SUBTITLE>
        <SUBTEXT>If you have any questions about this privacy statement, please send a message to contact@expatriates.com.</SUBTEXT>
    </SECTION>
</POLICY>
