<POLICY modification_date="November 01, 2013" policy_url="http://www.fifa.com/legal/privacy.html" website_category="Kids_and_Teens" website_index="012" website_url="fifa.com">
    <SECTION>
        <SUBTITLE />
        <SUBTEXT>Fédération Internationale de Football Association (FIFA)

FIFA-Strasse 20
P.O. Box
8044 Zurich
Switzerland

For any definition used in this Privacy Policy, please refer to Our Terms located at http://www.fifa.com/legal/tos.html. Please read the following to learn more about Our Privacy Policy and the ways in which We use Your information before You proceed with use of the FIFA Digital Platforms.

This Privacy Policy has been drafted in English and has been translated in other languages. In the event of any discrepancy between the English and the translated texts, the English text shall prevail and be used to solve doubts of interpretation.

Date of issue of this Privacy Policy: November 2013</SUBTEXT>
    </SECTION>
    <SECTION>
        <SUBTITLE>International Transfer</SUBTITLE>
        <SUBTEXT>YOUR INFORMATION IS PROCESSED IN SWITZERLAND, AND MAY BE STORED AND USED ELSEWHERE DEPENDING ON THE LOCATION OF AFFILIATES, BUSINESS PARTNERS, AND OTHER ENTITIES WHO ARE PERMITTED TO ACCESS SUCH INFORMATION UNDER THE TERMS OF THIS PRIVACY POLICY (AND SUCH LOCATIONS MAY INCLUDE COUNTRIES WHICH MAY NOT AFFORD THE SAME LEVEL OF PROTECTION OF SUCH DATA AS THE COUNTRY FROM WHICH YOU PROVIDED THE INFORMATION). BY ACCESSING OR USING THE FIFA DIGITAL PLATFORMS OR SUBMITTING PERSONAL INFORMATION TO US, YOU SPECIFICALLY AGREE TO THAT TRANSFER AND ANY RELATED PURPOSES.</SUBTEXT>
    </SECTION>
    <SECTION>
        <SUBTITLE>The collection of information and how We use it</SUBTITLE>
        <SUBTEXT>The main reason why FIFA collects information is to provide and improve the FIFA Digital Platforms, Services, or FIFA Content, their features, to administer Your membership, and to enable Users to enjoy and easily navigate the FIFA Digital Platforms.</SUBTEXT>
    </SECTION>
    <SECTION>
        <SUBTITLE>The information We collect from You</SUBTITLE>
        <SUBTEXT>FIFA collects information when You register for an account and when You enter into transactions, promotions or sweepstakes. The information collected may include but is not limited to the following personal information: email address, last name, first name, country of residence, date of birth, gender, screen name, password, and opt-in for game and FIFA Content preferences. In order to process some of Your transactions through the FIFA Digital Platforms, We may also ask for Your credit card number and billing information.</SUBTEXT>
    </SECTION>
    <SECTION>
        <SUBTITLE>Cookies</SUBTITLE>
        <SUBTEXT>When You visit the FIFA Digital Platforms, We will use “cookies” to collect information. Cookies are small data files, which are transferred to a computer's hard disk in order to memorize information like registration IDs and passwords. A cookie will typically contain the name of the domain from which the cookie has originated, the "lifetime" of the cookie and various values.

We further utilize session ID cookies to enable certain features of the FIFA Digital Platforms, to better understand how You interact with the FIFA Digital Platforms and to monitor aggregate usage by FIFA Digital Platforms' users and web traffic routing on the FIFA Digital Platforms. Session ID cookies are, unlike persistent cookies, deleted from Your computer when You log off from the FIFA Digital Platforms and close Your browser or FIFA App.

Please note that You can always choose to block cookies by updating Your Web browser privacy settings.

To do so, You will have to access the “Help” menu in Your browser's menu bar and search for the term “cookies”. Please however take note that, if You block cookies, You may not be able to use all sections of the FIFA Digital Platforms or all functionality of the Services.

Other third parties that are presenting advertisements on or within the FIFA Digital Platforms may also set and use cookies to access Your computer. Please refer specifically to each third party website and statements of privacy to understand their procedures for collecting, using and disclosing personal information through their cookies.</SUBTEXT>
    </SECTION>
    <SECTION>
        <SUBTITLE>Automatic Information</SUBTITLE>
        <SUBTEXT>FIFA automatically collects some information about Your computer when You visit the FIFA Digital Platforms, regardless of whether You have registered for an account or not by just browsing Our servers. For example, FIFA will collect Your IP address, Web browser software, and referring website. We also may collect information about Your location or Your online activity on the FIFA Digital Platforms. Collecting this information helps FIFA customize Your user experience and to monitor and analyze Your use of the FIFA Digital Platforms and the Services. This information is also used for the FIFA Digital Platforms' technical administration and for the optimization of the FIFA Digital Platforms' usability and functionalities.</SUBTEXT>
    </SECTION>
    <SECTION>
        <SUBTITLE>How We use Your information</SUBTITLE>
        <SUBTEXT>FIFA uses billing information (such as cardholder name, credit card number, and expiration date) for the purpose of completing the transaction concluded on the FIFA Digital Platforms.

We use other information about You for the following general purposes: to provide You with the Services You request; to manage Your account, including processing bills; to communicate with You in general; to respond to Your questions and comments; to notify You about special offers that may be of interest to You; to prevent potentially prohibited or illegal activities; to enforce Our Terms located at http://www.fifa.com/legal/tos.html; and as otherwise described to You at the point of collection.

Aggregate information shall also be used to customize the advertising. In using the FIFA Digital Platforms, You expressly entitle FIFA to collect and process Your information in particular for such marketing and customization of the Services. You may always revoke Your consent by deleting Your account.</SUBTEXT>
    </SECTION>
    <SECTION>
        <SUBTITLE>Phishing</SUBTITLE>
        <SUBTEXT>Identity theft and the practice currently known as “phishing” are of great concern to FIFA. Safeguarding information to help protect You from identity theft is a top priority. We do not and will not, at any time, request Your credit card information, Your account ID, login password or national identification numbers in a non-secure or unsolicited e-mail or telephone communication.</SUBTEXT>
    </SECTION>
    <SECTION>
        <SUBTITLE>Information Sharing and Disclosure</SUBTITLE>
        <SUBTEXT>FIFA may send information about You to third parties when:

a)            We have Your consent to share the information; or

b)            We need to share Your information to provide the product or Service You have requested; or

c)            We provide the information to companies who work on behalf of FIFA under confidentiality agreements; or

d)            We respond to subpoenas, court orders or legal process; or

e)            We believe it is necessary, as determined in Our sole discretion, to investigate, prevent, or take action regarding illegal activities, suspected fraud, emergency situations involving potential threats to the physical safety of any person, violations of Our Terms located at http://www.fifa.com/legal/tos.html, or as otherwise required by law.</SUBTEXT>
    </SECTION>
    <SECTION>
        <SUBTITLE>Security</SUBTITLE>
        <SUBTEXT>We want You to feel confident about using the FIFA Digital Platforms. For that reason, We have implemented reasonable technical and organizational measures designed to secure Your information from accidental loss and from unauthorized access, use, alteration or disclosure. However, the Internet is an open system and We cannot guarantee that unauthorized third parties will never be able to defeat those measures or use Your information for improper purposes.

If You communicate with FIFA by email, You should note that the secrecy of Internet email is uncertain. By sending sensitive or confidential email messages or information which are not encrypted You accept the risk of such uncertainty and possible lack of confidentiality over the Internet.</SUBTEXT>
    </SECTION>
    <SECTION>
        <SUBTITLE>Your right to access information</SUBTITLE>
        <SUBTEXT>You are entitled to see the information held about You. If You wish to do this, please use the contact form at http://www.fifa.com/contact/form.html. We may require You to provide verification of Your identity and to pay an administration fee to provide a copy of the information we hold. Please note that in certain circumstances We may withhold access to Your information where We have the right to do so under current data protection legislation.</SUBTEXT>
    </SECTION>
    <SECTION>
        <SUBTITLE>Updating/deleting Your information</SUBTITLE>
        <SUBTEXT>You may review, correct, update, change or delete Your personal information at any time by accessing Your account on The FIFA Digital Platforms. We will accommodate Your request for deletion, if We do not have any legal obligation to retain the record (for logged in Users: http://www.fifa.com/theclub/myprofile/profile/edit.htmx or through the FIFA App).</SUBTEXT>
    </SECTION>
    <SECTION>
        <SUBTITLE>Links to Other Sites</SUBTITLE>
        <SUBTEXT>If any part of the FIFA Digital Platforms link to other websites, those websites do not operate under this Privacy Policy. If You choose to visit an advertiser or click on another third party link, You will be directed to that third party's website. We do not exercise control over third party websites and therefore recommend You examine the privacy statements posted on these other websites to understand their procedures for collecting, using and disclosing personal information.</SUBTEXT>
    </SECTION>
    <SECTION>
        <SUBTITLE>Our policy towards children</SUBTITLE>
        <SUBTEXT>We do not on purpose collect personally identifiable information from children under 13. If a parent or legal guardian becomes aware that his or her child under 13, or ward under 13, has provided Us with personal information without their consent, he or she should delete the account (refer to: Updating/deleting Your information). If We become aware that a child under 13 has provided Us with personal information without such consent, We will delete such information from Our files.</SUBTEXT>
    </SECTION>
    <SECTION>
        <SUBTITLE>Changes to this Privacy Policy</SUBTITLE>
        <SUBTEXT>This Privacy Policy may be amended from time to time. If We amend this Privacy Policy, We shall place an updated version on this page of the FIFA Website. The FIFA Website and/or the FIFA App may also provide notices of changes to this Privacy Policy or other matters by displaying notices or links to notices to You generally on or within the FIFA Digital Platforms.</SUBTEXT>
    </SECTION>
    <SECTION>
        <SUBTITLE>Jurisdiction and applicable law</SUBTITLE>
        <SUBTEXT>This Privacy Policy and all matters arising out of or related to this Privacy Policy shall be governed by the substantive laws of Switzerland, without regards to conflicts of laws and principles thereof.

Any controversy, claim or dispute between You and FIFA arising out of or relating to this Privacy Policy shall be subject to the exclusive jurisdiction of the Court of Commerce (Handelsgericht) of Zurich, and each party hereby irrevocably consents to the jurisdiction and venue of such Court.</SUBTEXT>
    </SECTION>
</POLICY>
