<POLICY modification_date="" policy_url="http://www.cambridge.org/about-us/terms-use/privacy-policy/" website_category="Reference" website_index="046" website_url="cambridge.org">
    <SECTION>
        <SUBTITLE />
        <SUBTEXT>Privacy Policy
This website is operated by Cambridge University Press, which is a Syndicate of the University of Cambridge. Our principal place of business is at the Edinburgh Building, Shaftesbury Road, Cambridge, CB2 8RU.</SUBTEXT>
    </SECTION>
    <SECTION>
        <SUBTITLE>ABOUT US</SUBTITLE>
        <SUBTEXT>Cambridge University Press, the University of Cambridge and its associated companies will use the information we collect from you in accordance with this policy. A list of our associated companies is available on request.</SUBTEXT>
    </SECTION>
    <SECTION>
        <SUBTITLE>OUR APPROACH</SUBTITLE>
        <SUBTEXT>Your privacy is important to us. We want to make sure that when we collect information from you we do so in a way that does not infringe your privacy. Our policy explains how we do this.

By registering or placing an order on this site, you consent to the collection, use and transfer of your information under the terms of this policy.</SUBTEXT>
    </SECTION>
    <SECTION>
        <SUBTITLE>COLLECTION OF INFORMATION</SUBTITLE>
        <SUBTEXT>We may collect names, email and postal addresses, telephone numbers, professions, purchase and mailing history from you if you order from us or complete an online form (for instance to join our email services).</SUBTEXT>
    </SECTION>
    <SECTION>
        <SUBTITLE>USE OF INFORMATION</SUBTITLE>
        <SUBTEXT>Your information will enable us to provide you with access to our website and to carry out administration, statistical analysis and market research. If you have requested any goods or services then we will use your information to supply the goods or services, to bill you and to contact you where necessary concerning your order.

Where you have consented, we may contact you on occasion by post, telephone, fax and email about products and services we think might be of interest to you. If you decide in the future that do not want to receive such information, please email mlist@cambridge.org.

Where you have consented, we may make your details available to other reputable organisations whose product or services we think might be of interest to you. If you decide in the future that you do not want us to make your information available in this way please email mlist@cambridge.org.

We may transfer your personal details to other regions in which we have offices throughout the world, namely Europe, the Middle East and Africa; the Americas; and Asia-Pacific. You should be aware that some of our branches are in countries which do not have data protection laws. If you do not want us to make the information available in this way email mlist@cambridge.org.

We may disclose your information to our agents and service providers for the purposes set out above.

All personal information received from you is subject to processing centrally in the Europe branch of Cambridge University Press, England. We will retain your information for a reasonable period or as long as the law requires.</SUBTEXT>
    </SECTION>
    <SECTION>
        <SUBTITLE>COOKIES</SUBTITLE>
        <SUBTEXT>We use cookies on this web site. Cookies are small amounts of information that we transfer to your computer's hard drive through your web browser. They tell us when you have visited our site and where you have been. They do not identify you personally, just the presence of your browser. Cookies make it easier for you to log on and use the site during future visits. They also enable us to provide you with a more personalised service. Should you wish to do so, your browser's help section should be able to warn you before accepting cookies and how to filter or disable them, although in the latter case, you may not be able to use certain features on our site.</SUBTEXT>
    </SECTION>
    <SECTION>
        <SUBTITLE>ACCESSING AND UPDATING</SUBTITLE>
        <SUBTEXT>You are entitled to see the information held about you and you may ask us to make any necessary changes to ensure that it is accurate and kept up to date. If you wish to do this, please contact us using the details on the right. We are entitled by law to charge a fee of  10 to meet our costs in providing you with details of the information we hold about you.</SUBTEXT>
    </SECTION>
    <SECTION>
        <SUBTITLE>CHANGES TO OUR PRIVACY POLICY</SUBTITLE>
        <SUBTEXT>Any changes to our privacy policy in the future will be posted to the site and, where appropriate, through email notification.</SUBTEXT>
    </SECTION>
    <SECTION>
        <SUBTITLE>CONTACT</SUBTITLE>
        <SUBTEXT>If you have any requests in relation to the use we make of your information, please email mlist@cambridge.org.

All other comments and queries relating to the administration of your relationship with us, our use of your information and this privacy policy are welcomed and should be addressed to the Legal Services Director using the contact details in the Contact us menu.</SUBTEXT>
    </SECTION>
    <SECTION>
        <SUBTITLE>INFORMATION ABOUT OUR USE OF COOKIES</SUBTITLE>
        <SUBTEXT>Our website uses cookies to distinguish you from other users of our website. This helps us to provide you with a good experience while you browse and also allows us to improve our site.

A cookie is a small file of letters and numbers that we store on your browser or the hard drive of your computer if you give us permission to. Cookies contain information that is transferred to your computer's hard drive.

The cookies we use are 'analytical' cookies. They allow us to recognise and count the number of visitors and to see how they navigate around the site when they are using it. This helps us to improve the way our website works; for example, by ensuring that users are able to find what they are looking for easily.

Please note that our advertisers may also use cookies, over which we have no control.</SUBTEXT>
    </SECTION>
    <SECTION>
        <SUBTITLE>BLOCKING COOKIES</SUBTITLE>
        <SUBTEXT>You can block cookies by activating the setting in your browser which allows you to refuse the setting of all or some cookies. If however you use your browser settings to block all cookies (including essential cookies) you may not be able to access some parts of, or our entire site.

Except for essential cookies, all cookies will expire after 90 days.</SUBTEXT>
    </SECTION>
</POLICY>
