<POLICY modification_date="" policy_url="https://www.commbank.com.au/security-privacy/general-security/privacy.html" website_category="Business" website_index="091" website_url="commbank.com.au">
    <SECTION>
        <SUBTITLE />
        <SUBTEXT>General security
How we protect you</SUBTEXT>
    </SECTION>
    <SECTION>
        <SUBTITLE>Privacy</SUBTITLE>
        <SUBTEXT>Privacy

The protection of your personal information is something we take very seriously.

We protect your personal information in accordance with the National Privacy Principles and relevant industry privacy codes.</SUBTEXT>
    </SECTION>
    <SECTION>
        <SUBTITLE>Commonwealth Bank Group Privacy Policy Statement</SUBTITLE>
        <SUBTEXT>The Commonwealth Bank Group's (‘the Group') Privacy Policy Statement provides information on our privacy and information handling practices.

We understand that you may have concerns about your privacy and confidentiality while online. Rest assured we're committed to ensuring your privacy at all times when using our websites.</SUBTEXT>
    </SECTION>
    <SECTION>
        <SUBTITLE>Contact us about privacy</SUBTITLE>
        <SUBTEXT>If you have any questions or would like further information about our privacy and information handling practices, please contact us:

CustomerRelations@cba.com.au
1800 805 605
Privacy Officer
Customer Relations
Commonwealth Bank Group
Reply Paid 41
Sydney NSW 2001</SUBTEXT>
    </SECTION>
</POLICY>
