<POLICY modification_date="" policy_url="http://www.bradsdeals.com/privacy" website_category="Home" website_index="041" website_url="bradsdeals.com">
    <SECTION>
        <SUBTITLE />
        <SUBTEXT>Our Commitment to Privacy

Our Privacy Policy was developed as an extension of our commitment to combine the highest-quality products and services with the highest level of integrity in dealing with our clients and partners. The Policy is designed to assist you in understanding how we collect, use and safeguard the personal information you provide to us and to assist you in making informed decisions when using our site and our products and services. This statement will be continuously assessed against new technologies, business practices and our customers' needs.</SUBTEXT>
    </SECTION>
    <SECTION>
        <SUBTITLE>What Information Do We Collect</SUBTITLE>
        <SUBTEXT>When you visit our Web site you may provide us with two types of information: personal information you knowingly choose to disclose that is collected on an individual basis and Web site use information collected on an aggregate basis as you and others browse our Web site.

1. Personal Information You Choose to Provide
Credit Card Information

If you choose to purchase products or services from our partners, you may need to give personal information and authorization to obtain information from various credit services. For example, you may need to provide the following information:

Name
Mailing address
Email address
Credit card number
Home and business phone number
Other personal information (i.e. mother's maiden name)
Email Information
In addition to providing the foregoing information to our partners, if you choose to correspond further with us through email, we may retain the content of your email messages together with your email address and our responses. We provide the same protections for these electronic communications that we employ in the maintenance of information received by mail and telephone.

2. Web Site Use Information
Similar to other commercial Web sites, our Web site utilizes a standard technology called "cookies" (see explanation below, "What Are Cookies?") and Web server logs to collect information about how our Web site is used. Information gathered through cookies and Web server logs may include the date and time of visits, the pages viewed, time spent at our Web site, and the Web sites visited just before and just after our Web site. This information is collected on an aggregate basis. None of this information is associated with you as an individual.</SUBTEXT>
    </SECTION>
    <SECTION>
        <SUBTITLE>How Do We Use the Information That You Provide to Us</SUBTITLE>
        <SUBTEXT>Broadly speaking, we use personal information for purposes of administering our business activities, providing customer service and making available other products and services to our customers and prospective customers. Occasionally, we may also use the information we collect to notify you about important changes to our Web site, new services and special offers we think you will find valuable. The lists used to send you product and service offers are developed and managed under our traditional corporate standards designed to safeguard the security and privacy of our customers' personal information. As a customer, you will be given the opportunity, at least once annually, to notify us of your desire not to receive these offers.

What Are Cookies? Cookies are a feature of Web browser software that allows Web servers to recognize the computer used to access a Web site. Cookies are small pieces of data that are stored by a user's Web browser on the user's hard drive. Cookies can remember what information a user accesses on one Web page to simplify subsequent interactions with that Web site by the same user or to use the information to streamline the user's transactions on related Web pages. This makes it easier for a user to move from Web page to Web page and to complete commercial transactions over the Internet. Cookies should make your online experience easier and more personalized.</SUBTEXT>
    </SECTION>
    <SECTION>
        <SUBTITLE>How Do We Use Information We Collect from Cookies</SUBTITLE>
        <SUBTEXT>We use Web site browser software tools such as cookies and Web server logs to gather information about our Web site users' browsing activities, in order to constantly improve our Web site and better serve our customers. This information assists us to design and arrange our Web pages in the most user-friendly manner and to continually improve our Web site to better meet the needs of our customers and prospective customers.

Cookies help us collect important business and technical statistics. The information in the cookies lets us trace the paths followed by users to our Web site as they move from one page to another. Web server logs allow us to count how many people visit our Web site and evaluate our Web site's visitor capacity. We do not use these technologies to capture your individual email address or any personally identifying information about you although they do permit us to send focused online banner advertisements or other such responses to you.</SUBTEXT>
    </SECTION>
    <SECTION>
        <SUBTITLE>How Do We Protect Your Information</SUBTITLE>
        <SUBTEXT>Information Security. We utilize encryption/security software to safeguard the confidentiality of personal information we collect from unauthorized access or disclosure and accidental loss, alteration or destruction.

Evaluation of Information Protection Practices. Periodically, our operations and business practices are reviewed for compliance with corporate policies and procedures governing the security, confidentiality and quality of our information.

Employee Access, Training and Expectations. Our corporate values, ethical standards, policies and practices are committed to the protection of customer information. In general, our business practices limit employee access to confidential information, and limit the use and disclosure of such information to authorized persons, processes and transactions.</SUBTEXT>
    </SECTION>
    <SECTION>
        <SUBTITLE>Communication Opt Out</SUBTITLE>
        <SUBTEXT>If you wish to opt out of receiving offers directly from Shop Smart LLC network or business partners, you can unsubscribe at www.bradsdeals.com/my/unsubscribe or follow the opt-out instructions in the emails that they send you located at the footer of the communication. We can be reached by postal mail at 640 N LaSalle Suite 556 Chicago, IL 60654, or by phone at 877.970.0707. You can email us at suggestions@bradsdeals.com with questions, comments or suggestions.</SUBTEXT>
    </SECTION>
    <SECTION>
        <SUBTITLE>Do We Disclose Information to Outside Parties</SUBTITLE>
        <SUBTEXT>We may provide aggregate information about our customers, sales, Web site traffic patterns and related Web site information to our affiliates or reputable third parties, but this information will not include personally identifying data, except as otherwise provided in this Privacy Policy.</SUBTEXT>
    </SECTION>
    <SECTION>
        <SUBTITLE>What About Legally Compelled Disclosure of Information</SUBTITLE>
        <SUBTEXT>We may disclose information when legally compelled to do so, in other words, when we, in good faith, believe that the law requires it or for the protection of our legal rights.</SUBTEXT>
    </SECTION>
    <SECTION>
        <SUBTITLE>What About Other Web Sites Linked to Our Web Site</SUBTITLE>
        <SUBTEXT>We are not responsible for the practices employed by Web sites linked to or from our Web site nor the information or content contained therein.

Shop Smart LLC has financial relationships with some of the merchants included on our site. Shop Smart LLC may be compensated if consumers choose to apply for or purchase products or services via the links on our site.</SUBTEXT>
    </SECTION>
</POLICY>
