<POLICY modification_date="January 05, 2012" policy_url="http://www.ar15.com/content/page.html?id=6" website_category="Recreation" website_index="070" website_url="ar15.com">
    <SECTION>
        <SUBTITLE />
        <SUBTEXT>Company Information

The AR15.COM Online Store is owned and operated by AR15.COM, LLC located at:
6162 State Route 96
Farmington, NY
14425

We can be reached via e-mail at sales@ar15.com or you may use the quick contact form on our Help page.</SUBTEXT>
    </SECTION>
    <SECTION>
        <SUBTITLE>Information Collected</SUBTITLE>
        <SUBTEXT>For each visitor to our Web page, our Web server automatically recognizes only the consumer's domain name, but not the e-mail address (where possible).
We collect the e-mail addresses of those who post messages to our bulletin board, the e-mail addresses of those who communicate with us via e-mail, aggregate information on what pages consumers access or visit.

The information we collect is used to improve the content of our Web page and disclosed when legally required to do so, at the request of governmental authorities conducting an investigation, to verify or enforce compliance with the policies governing our Web site and applicable laws, or to protect against misuse or unauthorized use of our Web site.
With respect to cookies: We use cookies to ensure that visitors are not repeatedly sent the same banner ads and store a unique user id to maintain session information for your improved site experience.</SUBTEXT>
    </SECTION>
    <SECTION>
        <SUBTITLE>Store Specific</SUBTITLE>
        <SUBTEXT>If you supply us with your postal address online you will only receive the information for which you provided us your address.
Persons who supply us with their telephone numbers online will only receive telephone contact from us with information regarding orders that they have placed online.</SUBTEXT>
    </SECTION>
    <SECTION>
        <SUBTITLE>Advertising Companies</SUBTITLE>
        <SUBTEXT>With respect to Ad Servers: To try and bring you offers that are of interest to you, we have relationships with other companies that we allow to place ads on our Web pages. As a result of your visit to our site, ad server companies may collect information such as your domain type, your IP address and clickstream information. For further information, consult the privacy policies of the advertiser. (URL Will Be Posted If 3rd Party Advertising is used.)</SUBTEXT>
    </SECTION>
    <SECTION>
        <SUBTITLE>Future Uses</SUBTITLE>
        <SUBTEXT>From time to time, we may use customer information for new, unanticipated uses not previously disclosed in our privacy notice. If our information practices change at some time in the future we will contact you before we use your data for these new purposes to notify you of the policy change and to provide you with the ability to opt out of these new uses.</SUBTEXT>
    </SECTION>
    <SECTION>
        <SUBTITLE>Security</SUBTITLE>
        <SUBTEXT>With respect to security: We have appropriate security measures in place in our physical facilities to protect against the loss, misuse or alteration of information that we have collected from you at our site.</SUBTEXT>
    </SECTION>
    <SECTION>
        <SUBTITLE>User Protection</SUBTITLE>
        <SUBTEXT>If you feel that this site is not following its stated information policy, you may contact us at the above addresse or use our quick contact form on our Help page.</SUBTEXT>
    </SECTION>
</POLICY>
