<POLICY modification_date="" policy_url="http://www.becomegorgeous.com/pages/terms_and_conditions" website_category="Health" website_index="065" website_url="becomegorgeous.com">
    <SECTION>
        <SUBTITLE />
        <SUBTEXT>BECOMEGORGEOUS.com ("becomegorgeous", "we", "us", "our") welcomes you to our website ("becomegorgeous.com" , "the "Website" ) and to our community ( "community" , "becomegorgeous.com/community" , "lists" , "becomegorgeous.com/lists" "galleries" , "becomegorgeous.com/community/galleries" , "polls/ poll" , "becomegorgeous.com/polls" , "blogs" , "becomegorgeous.com/blogs" , "Q&amp;A" , "answers.becomegorgeous.com" ). Please read the following Website User License Agreement ("User License Agreement") before using the Website. By using becomegorgeous you agree to be legally bound by the User License Agreement, which shall take effect immediately on your first use of becomegorgeous.com's website. If you do not agree to be legally bound by these User License Agreement please do not access becomegorgeous.com and the community.
BecomeGorgeous may change this User License Agreement at any time by posting changes online. Please review this User License Agreement regularly to ensure you are aware of any changes made by BecomeGorgeous. Your continued use of becomegorgeous and the community after changes are posted means you agree to be legally bound by this User License Agreement as updated and/or amended.</SUBTEXT>
    </SECTION>
    <SECTION>
        <SUBTITLE>AGREEMENT</SUBTITLE>
        <SUBTEXT>When interacting with community, we suggest that you use your discretion and exercise caution when uploading pictures, bookmark pages/ items, posting questions /answering and posting on the blog. Please abide by legal copyright laws and general decency.
When you post on the community , the information becomes available to anyone . This information can be collected and used by others. Therefore, we recommend that you refrain from posting any information that you do not want seen on those sites.
Ultimately, you are solely responsible for maintaining the secrecy of your passwords and/or any personal information.</SUBTEXT>
    </SECTION>
    <SECTION>
        <SUBTITLE>REGISTRATION and PRIVACY</SUBTITLE>
        <SUBTEXT>The information we gather on our sites falls into two categories: (1) information you supply when you register or initiate transactions, and (2) tracking information collected as you navigate through our sites. Third-party providers featured on, or linked to from, our sites, such as vendors of products and services offered through our sites, may gather information, as well.
A big part of our advertising is served by Google Inc. Google's use of the DART cookie enables it to serve ads to your users based on their visit to your sites and other sites on the Internet and users may opt out of the use of the DART cookie to visit the Google ad and content network privacy policy click here.

- Information providede to BecomeGorgeous.com
In order to use many of BecomeGorgeous.com services and features we ask you to register to become a member. During this member registration process, we will ask you for personally identifiable information such as your name, email address, mailing address, zip code, country, gender, birthdate, interests

-Information collected by BecomeGorgeous.com : IP address and cookies
Your IP address is the indentification number of your computer and this number is provided by your ISP .We use your IP address to help diagnose problems with our server and to administer our website.</SUBTEXT>
    </SECTION>
    <SECTION>
        <SUBTITLE>CONTACT LIST</SUBTITLE>
        <SUBTEXT>If you choose to import your contact list to invite your friends to the community we will use the password of your email only one time , to extract the contact list . We will not store your password.

Our site uses a feature of your browser to set a "cookie" on your computer. Cookies are small packets of information that a site's computer stores on your computer.We use cookies to save your password so you don't have to re-enter it each time you visit our site, to deliver content specific to your interests, to track the pages you've visited and to make sure you don't see the same ads repeatedly.

-Information collected by our advertisers
Our advertising is currently served by third party advertising companies which deliver a cookie to you so the ads you see can be tracked and ensures that you are not shown the same ad too many times. Since the third party advertising company only tags your computer with a number, they know nothing about who you are.

- Newsletters and Promotions:
We may offer you the opportunity to subscribe to email newsletters on various topics that we believe are of interest to our visitors. If you have opted to receive a particular newsletter, you can always unsubscribe later either by following the 'unsubscribe' link located near the bottom of each newsletter,
Promotional emails: If you provide us with your email address, from time to time we may send you emails about products that we are affiliate with, services and special offers</SUBTEXT>
    </SECTION>
    <SECTION>
        <SUBTITLE>CONTRIBUTIONS TO COMMUNITY</SUBTITLE>
        <SUBTEXT>If you elect to post material to any of our community services that may be offered on our sites, or if you elect to upload any photos you will be solely responsible for all content, messages, text, files, images, graphics, photos, other materials . You agree that any postings you post to the sites will be true and accurate, will not defame any person or invade any person's privacy, and will not infringe the proprietary rights of any person. You agree not to furnish any postings to which you do not own the rights. By posting you give becomegorgeous the right to use the content in any manner and in any media now known or hereafter invented, including, without limitation, the right to combine your postings with postings of third parties in varied combinations. You also acknowledge that visitors to the sites may post comments about your postings which may be derogatory, and that becomegorgeous has no obligation to monitor or delete any such postings.


Please be aware that becomegorgeous does not and cannot monitor all of the postings made to the sites, and therefore becomegorgeous will not be responsible for the content of any postings. However, becomegorgeous does reserve the right to delete or edit any material in any posting that is obscene, harassing, offensive or otherwise objectionable and not in keeping with the community standards of the site. If becomegorgeous selects to edit any postings, it nonetheless assumes no responsibility for the content of the postings. Under no circumstances will becomegorgeous be liable for any inaccuracy or defect in any postings. We also expect our users to adhere to certain rules of the road. Therefore, you agree not to post, email, or otherwise make available postings:


-Is lewd, profane, obscene, or indecent, including any Content that is violent or pornographic or that contains nudity, explicit violent or sexual material, or depictions of violent or sexual acts;
-Is harassing, threatening, abusive, inflammatory or otherwise objectionable, including Content used to harass, stalk or threaten a person;
-Is unlawful or that could facilitate the violation of any applicable law, regulation or governmental policy;
-Offers or disseminates any fraudulent goods, services, schemes or promotions, including any "make money fast" schemes or pyramid schemes;
-Is libelous, defamatory, or knowingly false or misrepresents another person;
-Seeks to impersonate any person or entity, or falsely state or otherwise represent your affiliation with a person or entity;
-Promotes an illegal or unauthorized copy of another person's copyrighted work, or infringes upon the intellectual property rights of any third party, including the copyrights, trademarks, trade names, trade secrets or patents of such third party, or is posted without the express permission of the owner(s) of such rights;
-Includes any material that is encrypted or that involves the transmission of "junk mail," unsolicited mass mailing or spamming, or unauthorized advertising;
-Is harmful to becomegorgeous.com or any other party's systems and networks, including any transmissions which may damage, interfere with, surreptitiously intercept, or expropriate any system, program, data or personal information;
-Violates any obligation of confidentiality or violates the privacy, publicity, moral or any other right of any third party;
-Consists of any other content that becomegorgeous in its sole discretion deems to be Unacceptable Content.</SUBTEXT>
    </SECTION>
    <SECTION>
        <SUBTITLE>DISCLAMER</SUBTITLE>
        <SUBTEXT>We try our best to make sure that the information which we provide you is accurate. But, we are NOT LIABLE for any losses or damages which may occur through your use of any information or products which you obtain through this website or any of our affiliated websites. As in all matters related to your well being, you should consult with your attorney or accountant before making any decision which could adversely impact you.
Also you take full responsability of the content that you post in the community.
Because becomegorgeous does not monitor the postings, you agree to use and rely on them at your own risk. becomegorgeous cannot make any representation or warranty about the material contained in the postings. becomegorgeous likewise assumes no responsibility for any contact you may have with other users of our sites, either online or offline. If you select to meet in person with someone you may meet on our sites, you do so at your own risk, and under no circumstances will becomegorgeous be liable for any activity or injury that may occur.</SUBTEXT>
    </SECTION>
    <SECTION>
        <SUBTITLE>DISPUTES</SUBTITLE>
        <SUBTEXT>If there is any dispute about or involving the site or community, you agree that the issue is resolved in an amiable way or if not the dispute shall be governed by the laws of the country were the owner of becomegorgeous is located.</SUBTEXT>
    </SECTION>
    <SECTION>
        <SUBTITLE>CHILDREN</SUBTITLE>
        <SUBTEXT>The site and the community is not intended for children , specially those under age 13. Children are not allowed to post on the community.</SUBTEXT>
    </SECTION>
    <SECTION>
        <SUBTITLE>LINKING</SUBTITLE>
        <SUBTEXT>It is our goal to provide increased value to you, our visitors. Therefore, for your convenience, the Website offers you the ability to link, through the effects, to other sites on the Internet that are owned and operated by third parties and therefore not affiliated with us. Please understand that such linked websites are independent from becomegorgeous and that becomegorgeous has no control over the content of such websites. Consequently, becomegorgeous cannot be held liable and makes no warranty or representation whatsoever as to the accuracy, timeliness and/or completeness of the information contained on such websites.
The links which our visitors might place in their effects do not imply that we sponsor, endorse or are affiliated or associated with, or have been legally authorized to use any trade-mark, trade name, service mark, design, logo, symbol or other copyrighted materials displayed on or accessible through such sites.
We welcome any feedback that you may have concerning the external links that we have placed on our Website.


For any issues please contact us at the following e-mail address: contact [at] becomegorgeous [dot] com</SUBTEXT>
    </SECTION>
</POLICY>
